2026-07-19 07:31:02,963 [INFO] weasyprint.progress: Step 2 - Fetching and parsing CSS - CSS string
2026-07-19 07:31:02,999 [INFO] weasyprint.progress: Step 2 - Fetching and parsing CSS - CSS string
2026-07-19 07:31:03,005 [INFO] weasyprint.progress: Step 2 - Fetching and parsing CSS - CSS string
2026-07-19 07:31:32,827 [INFO] weasyprint.progress: Step 2 - Fetching and parsing CSS - CSS string
2026-07-19 07:31:32,860 [INFO] weasyprint.progress: Step 2 - Fetching and parsing CSS - CSS string
2026-07-19 07:31:32,865 [INFO] weasyprint.progress: Step 2 - Fetching and parsing CSS - CSS string
2026-07-19 07:31:33,384 [INFO] weasyprint.progress: Step 2 - Fetching and parsing CSS - CSS string
2026-07-19 07:31:33,416 [INFO] weasyprint.progress: Step 2 - Fetching and parsing CSS - CSS string
2026-07-19 07:31:33,422 [INFO] weasyprint.progress: Step 2 - Fetching and parsing CSS - CSS string
2026-07-19 07:31:33,548 [INFO] django.utils.autoreload: Watching for file changes with StatReloader
2026-07-19 07:31:33,548 [INFO] django.utils.autoreload: Watching for file changes with StatReloader
2026-07-19 07:31:35,179 [INFO] django.server: "GET / HTTP/1.1" 200 63945
2026-07-19 07:31:35,179 [INFO] django.server: "GET / HTTP/1.1" 200 63945
2026-07-19 07:31:35,237 [WARNING] django.server: "GET /static/css/style.css HTTP/1.1" 404 179
2026-07-19 07:31:35,237 [WARNING] django.server: "GET /static/css/style.css HTTP/1.1" 404 179
2026-07-19 07:31:35,243 [WARNING] django.server: "GET /static/img/sepahan-logo.png HTTP/1.1" 404 179
2026-07-19 07:31:35,243 [WARNING] django.server: "GET /static/img/sepahan-logo.png HTTP/1.1" 404 179
2026-07-19 07:31:35,244 [WARNING] django.server: "GET /media/team_logos/sepahan-logo_vQMfqRE.png HTTP/1.1" 404 179
2026-07-19 07:31:35,244 [WARNING] django.server: "GET /media/team_logos/sepahan-logo_vQMfqRE.png HTTP/1.1" 404 179
2026-07-19 07:31:35,245 [WARNING] django.server: "GET /media/team_logos/profile.webp HTTP/1.1" 404 179
2026-07-19 07:31:35,245 [WARNING] django.server: "GET /media/team_logos/profile.webp HTTP/1.1" 404 179
2026-07-19 07:31:35,246 [WARNING] django.server: "GET /media/team_logos/sepahan-logo_HyT5LEZ.png HTTP/1.1" 404 179
2026-07-19 07:31:35,246 [WARNING] django.server: "GET /media/team_logos/sepahan-logo_HyT5LEZ.png HTTP/1.1" 404 179
2026-07-19 07:31:35,249 [WARNING] django.server: "GET /media/team_logos/fc-persepolis-seeklogo_1m2k1d1.png HTTP/1.1" 404 179
2026-07-19 07:31:35,249 [WARNING] django.server: "GET /media/team_logos/fc-persepolis-seeklogo_1m2k1d1.png HTTP/1.1" 404 179
2026-07-19 07:31:35,258 [WARNING] django.server: "GET /static/js/script.js HTTP/1.1" 404 179
2026-07-19 07:31:35,258 [WARNING] django.server: "GET /static/js/script.js HTTP/1.1" 404 179
2026-07-19 07:31:35,275 [WARNING] django.server: "GET /media/team_logos/sepahan-logo_AqvyGY8.png HTTP/1.1" 404 179
2026-07-19 07:31:35,275 [WARNING] django.server: "GET /media/team_logos/sepahan-logo_AqvyGY8.png HTTP/1.1" 404 179
2026-07-19 07:31:35,276 [WARNING] django.server: "GET /media/team_logos/iran_tractor_1500x1500_0Lnfd4g.football-logos.cc.png HTTP/1.1" 404 179
2026-07-19 07:31:35,276 [WARNING] django.server: "GET /media/team_logos/iran_tractor_1500x1500_0Lnfd4g.football-logos.cc.png HTTP/1.1" 404 179
2026-07-19 07:31:35,351 [WARNING] django.server: "GET /static/img/lion-roar.png HTTP/1.1" 404 179
2026-07-19 07:31:35,351 [WARNING] django.server: "GET /static/img/lion-roar.png HTTP/1.1" 404 179
2026-07-19 07:31:41,020 [INFO] django.server: "GET / HTTP/1.1" 200 63945
2026-07-19 07:31:41,020 [INFO] django.server: "GET / HTTP/1.1" 200 63945
2026-07-19 07:31:41,071 [WARNING] django.server: "GET /static/css/style.css HTTP/1.1" 404 179
2026-07-19 07:31:41,071 [WARNING] django.server: "GET /static/css/style.css HTTP/1.1" 404 179
2026-07-19 07:31:41,071 [WARNING] django.server: "GET /static/img/sepahan-logo.png HTTP/1.1" 404 179
2026-07-19 07:31:41,071 [WARNING] django.server: "GET /static/img/sepahan-logo.png HTTP/1.1" 404 179
2026-07-19 07:31:43,525 [WARNING] django.server: "GET /media/team_logos/profile.webp HTTP/1.1" 404 179
2026-07-19 07:31:43,525 [WARNING] django.server: "GET /media/team_logos/profile.webp HTTP/1.1" 404 179
2026-07-19 07:31:43,526 [WARNING] django.server: "GET /media/team_logos/sepahan-logo_vQMfqRE.png HTTP/1.1" 404 179
2026-07-19 07:31:43,526 [WARNING] django.server: "GET /media/team_logos/sepahan-logo_vQMfqRE.png HTTP/1.1" 404 179
2026-07-19 07:31:43,541 [WARNING] django.server: "GET /media/team_logos/sepahan-logo_HyT5LEZ.png HTTP/1.1" 404 179
2026-07-19 07:31:43,541 [WARNING] django.server: "GET /media/team_logos/sepahan-logo_HyT5LEZ.png HTTP/1.1" 404 179
2026-07-19 07:31:43,542 [WARNING] django.server: "GET /media/team_logos/fc-persepolis-seeklogo_1m2k1d1.png HTTP/1.1" 404 179
2026-07-19 07:31:43,542 [WARNING] django.server: "GET /media/team_logos/fc-persepolis-seeklogo_1m2k1d1.png HTTP/1.1" 404 179
2026-07-19 07:31:44,343 [WARNING] django.server: "GET /static/js/script.js HTTP/1.1" 404 179
2026-07-19 07:31:44,343 [WARNING] django.server: "GET /static/js/script.js HTTP/1.1" 404 179
2026-07-19 07:31:44,356 [WARNING] django.server: "GET /media/team_logos/sepahan-logo_AqvyGY8.png HTTP/1.1" 404 179
2026-07-19 07:31:44,356 [WARNING] django.server: "GET /media/team_logos/sepahan-logo_AqvyGY8.png HTTP/1.1" 404 179
2026-07-19 07:31:44,409 [WARNING] django.server: "GET /media/team_logos/iran_tractor_1500x1500_0Lnfd4g.football-logos.cc.png HTTP/1.1" 404 179
2026-07-19 07:31:44,409 [WARNING] django.server: "GET /media/team_logos/iran_tractor_1500x1500_0Lnfd4g.football-logos.cc.png HTTP/1.1" 404 179
2026-07-19 07:31:48,066 [WARNING] django.server: "GET /static/img/lion-roar.png HTTP/1.1" 404 179
2026-07-19 07:31:48,066 [WARNING] django.server: "GET /static/img/lion-roar.png HTTP/1.1" 404 179
2026-07-19 07:31:50,684 [INFO] django.server: "GET /matches/select-floor/5/ HTTP/1.1" 200 36434
2026-07-19 07:31:50,684 [INFO] django.server: "GET /matches/select-floor/5/ HTTP/1.1" 200 36434
2026-07-19 07:31:50,737 [WARNING] django.server: "GET /static/img/sepahan-logo.png HTTP/1.1" 404 179
2026-07-19 07:31:50,737 [WARNING] django.server: "GET /static/img/sepahan-logo.png HTTP/1.1" 404 179
2026-07-19 07:31:50,738 [WARNING] django.server: "GET /static/js/script.js HTTP/1.1" 404 179
2026-07-19 07:31:50,738 [WARNING] django.server: "GET /static/js/script.js HTTP/1.1" 404 179
2026-07-19 07:31:50,738 [WARNING] django.server: "GET /static/css/style.css HTTP/1.1" 404 179
2026-07-19 07:31:50,738 [WARNING] django.server: "GET /static/css/style.css HTTP/1.1" 404 179
2026-07-19 07:31:50,831 [WARNING] django.server: "GET /static/img/sepahan-logo.png HTTP/1.1" 404 179
2026-07-19 07:31:50,831 [WARNING] django.server: "GET /static/img/sepahan-logo.png HTTP/1.1" 404 179
2026-07-19 07:31:51,828 [INFO] django.server: "POST /matches/select-floor/5/ HTTP/1.1" 302 0
2026-07-19 07:31:51,828 [INFO] django.server: "POST /matches/select-floor/5/ HTTP/1.1" 302 0
2026-07-19 07:31:52,025 [INFO] django.server: "GET /matches/select-block/5/ HTTP/1.1" 200 126867
2026-07-19 07:31:52,025 [INFO] django.server: "GET /matches/select-block/5/ HTTP/1.1" 200 126867
2026-07-19 07:31:52,072 [WARNING] django.server: "GET /static/css/style.css HTTP/1.1" 404 179
2026-07-19 07:31:52,072 [WARNING] django.server: "GET /static/css/style.css HTTP/1.1" 404 179
2026-07-19 07:31:52,076 [WARNING] django.server: "GET /static/img/sepahan-logo.png HTTP/1.1" 404 179
2026-07-19 07:31:52,076 [WARNING] django.server: "GET /static/img/staduim.png HTTP/1.1" 404 179
2026-07-19 07:31:52,076 [WARNING] django.server: "GET /static/img/sepahan-logo.png HTTP/1.1" 404 179
2026-07-19 07:31:52,076 [WARNING] django.server: "GET /static/img/staduim.png HTTP/1.1" 404 179
2026-07-19 07:31:52,077 [WARNING] django.server: "GET /media/team_logos/sepahan-logo_HyT5LEZ.png HTTP/1.1" 404 179
2026-07-19 07:31:52,077 [WARNING] django.server: "GET /media/team_logos/sepahan-logo_HyT5LEZ.png HTTP/1.1" 404 179
2026-07-19 07:31:52,078 [WARNING] django.server: "GET /static/js/script.js HTTP/1.1" 404 179
2026-07-19 07:31:52,078 [WARNING] django.server: "GET /media/team_logos/fc-persepolis-seeklogo_1m2k1d1.png HTTP/1.1" 404 179
2026-07-19 07:31:52,078 [WARNING] django.server: "GET /static/js/script.js HTTP/1.1" 404 179
2026-07-19 07:31:52,078 [WARNING] django.server: "GET /media/team_logos/fc-persepolis-seeklogo_1m2k1d1.png HTTP/1.1" 404 179
2026-07-19 07:31:52,195 [WARNING] django.server: "GET /media/stadium_images/photo_%DB%B2%DB%B0%DB%B1%DB%B9-%DB%B1%DB%B1-%DB%B2%DB%B8_%DB%B1%DB%B2-%DB%B4%DB%B8-%DB%B5%DB%B3.jpg HTTP/1.1" 404 179
2026-07-19 07:31:52,195 [WARNING] django.server: "GET /media/stadium_images/photo_%DB%B2%DB%B0%DB%B1%DB%B9-%DB%B1%DB%B1-%DB%B2%DB%B8_%DB%B1%DB%B2-%DB%B4%DB%B8-%DB%B5%DB%B3.jpg HTTP/1.1" 404 179
2026-07-19 07:31:54,600 [INFO] django.server: "POST /matches/select-block/5/ HTTP/1.1" 302 0
2026-07-19 07:31:54,600 [INFO] django.server: "POST /matches/select-block/5/ HTTP/1.1" 302 0
2026-07-19 07:31:54,966 [INFO] django.server: "GET /matches/match/5/block-map/ HTTP/1.1" 200 392421
2026-07-19 07:31:54,966 [INFO] django.server: "GET /matches/match/5/block-map/ HTTP/1.1" 200 392421
2026-07-19 07:31:55,016 [WARNING] django.server: "GET /static/css/style.css HTTP/1.1" 404 179
2026-07-19 07:31:55,016 [WARNING] django.server: "GET /static/css/style.css HTTP/1.1" 404 179
2026-07-19 07:31:55,016 [WARNING] django.server: "GET /static/js/script.js HTTP/1.1" 404 179
2026-07-19 07:31:55,016 [WARNING] django.server: "GET /static/js/script.js HTTP/1.1" 404 179
2026-07-19 07:31:55,018 [WARNING] django.server: "GET /static/img/sepahan-logo.png HTTP/1.1" 404 179
2026-07-19 07:31:55,018 [WARNING] django.server: "GET /static/img/sepahan-logo.png HTTP/1.1" 404 179
2026-07-19 07:31:55,631 [INFO] django.server: "GET /matches/get-seats-status/5/?row_id=67 HTTP/1.1" 200 2778
2026-07-19 07:31:55,631 [INFO] django.server: "GET /matches/get-seats-status/5/?row_id=67 HTTP/1.1" 200 2778
2026-07-19 07:32:00,409 [INFO] django.server: "GET /matches/get-seats-status/5/?row_id=67 HTTP/1.1" 200 2778
2026-07-19 07:32:00,409 [INFO] django.server: "GET /matches/get-seats-status/5/?row_id=67 HTTP/1.1" 200 2778
2026-07-19 07:32:05,411 [INFO] django.server: "GET /matches/get-seats-status/5/?row_id=67 HTTP/1.1" 200 2778
2026-07-19 07:32:05,411 [INFO] django.server: "GET /matches/get-seats-status/5/?row_id=67 HTTP/1.1" 200 2778
2026-07-19 07:32:10,410 [INFO] django.server: "GET /matches/get-seats-status/5/?row_id=67 HTTP/1.1" 200 2778
2026-07-19 07:32:10,410 [INFO] django.server: "GET /matches/get-seats-status/5/?row_id=67 HTTP/1.1" 200 2778
2026-07-19 07:32:15,404 [INFO] django.server: "GET /matches/get-seats-status/5/?row_id=67 HTTP/1.1" 200 2778
2026-07-19 07:32:15,404 [INFO] django.server: "GET /matches/get-seats-status/5/?row_id=67 HTTP/1.1" 200 2778
2026-07-19 07:32:20,410 [INFO] django.server: "GET /matches/get-seats-status/5/?row_id=67 HTTP/1.1" 200 2778
2026-07-19 07:32:20,410 [INFO] django.server: "GET /matches/get-seats-status/5/?row_id=67 HTTP/1.1" 200 2778
2026-07-19 07:32:25,406 [INFO] django.server: "GET /matches/get-seats-status/5/?row_id=67 HTTP/1.1" 200 2778
2026-07-19 07:32:25,406 [INFO] django.server: "GET /matches/get-seats-status/5/?row_id=67 HTTP/1.1" 200 2778
2026-07-19 07:32:30,405 [INFO] django.server: "GET /matches/get-seats-status/5/?row_id=67 HTTP/1.1" 200 2778
2026-07-19 07:32:30,405 [INFO] django.server: "GET /matches/get-seats-status/5/?row_id=67 HTTP/1.1" 200 2778
2026-07-19 07:32:35,410 [INFO] django.server: "GET /matches/get-seats-status/5/?row_id=67 HTTP/1.1" 200 2778
2026-07-19 07:32:35,410 [INFO] django.server: "GET /matches/get-seats-status/5/?row_id=67 HTTP/1.1" 200 2778
2026-07-19 07:32:40,403 [INFO] django.server: "GET /matches/get-seats-status/5/?row_id=67 HTTP/1.1" 200 2778
2026-07-19 07:32:40,403 [INFO] django.server: "GET /matches/get-seats-status/5/?row_id=67 HTTP/1.1" 200 2778
2026-07-20 06:14:03,504 [INFO] weasyprint.progress: Step 2 - Fetching and parsing CSS - CSS string
2026-07-20 06:14:03,537 [INFO] weasyprint.progress: Step 2 - Fetching and parsing CSS - CSS string
2026-07-20 06:14:03,542 [INFO] weasyprint.progress: Step 2 - Fetching and parsing CSS - CSS string
2026-07-20 06:14:04,052 [INFO] weasyprint.progress: Step 2 - Fetching and parsing CSS - CSS string
2026-07-20 06:14:04,089 [INFO] weasyprint.progress: Step 2 - Fetching and parsing CSS - CSS string
2026-07-20 06:14:04,097 [INFO] weasyprint.progress: Step 2 - Fetching and parsing CSS - CSS string
2026-07-20 06:14:04,224 [INFO] django.utils.autoreload: Watching for file changes with StatReloader
2026-07-20 06:14:04,224 [INFO] django.utils.autoreload: Watching for file changes with StatReloader
2026-07-20 06:14:11,084 [INFO] django.server: "GET / HTTP/1.1" 302 0
2026-07-20 06:14:11,084 [INFO] django.server: "GET / HTTP/1.1" 302 0
2026-07-20 06:14:11,090 [INFO] django.server: "GET /matches/splash/ HTTP/1.1" 200 7700
2026-07-20 06:14:11,090 [INFO] django.server: "GET /matches/splash/ HTTP/1.1" 200 7700
2026-07-20 06:14:11,153 [WARNING] django.server: "GET /static/img/sepahan-logo.png HTTP/1.1" 404 179
2026-07-20 06:14:11,153 [WARNING] django.server: "GET /static/img/sepahan-logo.png HTTP/1.1" 404 179
2026-07-20 06:14:12,177 [WARNING] django.server: "GET /favicon.ico HTTP/1.1" 404 179
2026-07-20 06:14:12,177 [WARNING] django.server: "GET /favicon.ico HTTP/1.1" 404 179
2026-07-20 06:14:14,176 [INFO] django.server: "POST /matches/api/set-splash-seen/ HTTP/1.1" 200 16
2026-07-20 06:14:14,176 [INFO] django.server: "POST /matches/api/set-splash-seen/ HTTP/1.1" 200 16
2026-07-20 06:14:14,267 [INFO] django.server: "GET /matches/ HTTP/1.1" 200 62514
2026-07-20 06:14:14,267 [INFO] django.server: "GET /matches/ HTTP/1.1" 200 62514
2026-07-20 06:14:14,309 [WARNING] django.server: "GET /static/css/style.css HTTP/1.1" 404 179
2026-07-20 06:14:14,309 [WARNING] django.server: "GET /static/css/style.css HTTP/1.1" 404 179
2026-07-20 06:14:14,315 [WARNING] django.server: "GET /static/img/sepahan-logo.png HTTP/1.1" 404 179
2026-07-20 06:14:14,315 [WARNING] django.server: "GET /static/img/sepahan-logo.png HTTP/1.1" 404 179
2026-07-20 06:14:14,315 [WARNING] django.server: "GET /media/team_logos/profile.webp HTTP/1.1" 404 179
2026-07-20 06:14:14,315 [WARNING] django.server: "GET /media/team_logos/profile.webp HTTP/1.1" 404 179
2026-07-20 06:14:14,316 [WARNING] django.server: "GET /media/team_logos/sepahan-logo_vQMfqRE.png HTTP/1.1" 404 179
2026-07-20 06:14:14,316 [WARNING] django.server: "GET /media/team_logos/sepahan-logo_vQMfqRE.png HTTP/1.1" 404 179
2026-07-20 06:14:14,341 [WARNING] django.server: "GET /media/team_logos/sepahan-logo_HyT5LEZ.png HTTP/1.1" 404 179
2026-07-20 06:14:14,341 [WARNING] django.server: "GET /media/team_logos/sepahan-logo_HyT5LEZ.png HTTP/1.1" 404 179
2026-07-20 06:14:14,342 [WARNING] django.server: "GET /static/js/script.js HTTP/1.1" 404 179
2026-07-20 06:14:14,342 [WARNING] django.server: "GET /static/js/script.js HTTP/1.1" 404 179
2026-07-20 06:14:14,342 [WARNING] django.server: "GET /media/team_logos/fc-persepolis-seeklogo_1m2k1d1.png HTTP/1.1" 404 179
2026-07-20 06:14:14,342 [WARNING] django.server: "GET /media/team_logos/fc-persepolis-seeklogo_1m2k1d1.png HTTP/1.1" 404 179
2026-07-20 06:14:14,345 [WARNING] django.server: "GET /media/team_logos/iran_tractor_1500x1500_0Lnfd4g.football-logos.cc.png HTTP/1.1" 404 179
2026-07-20 06:14:14,345 [WARNING] django.server: "GET /media/team_logos/iran_tractor_1500x1500_0Lnfd4g.football-logos.cc.png HTTP/1.1" 404 179
2026-07-20 06:14:14,346 [WARNING] django.server: "GET /media/team_logos/sepahan-logo_AqvyGY8.png HTTP/1.1" 404 179
2026-07-20 06:14:14,346 [WARNING] django.server: "GET /media/team_logos/sepahan-logo_AqvyGY8.png HTTP/1.1" 404 179
2026-07-20 06:14:14,463 [WARNING] django.server: "GET /static/img/lion-roar.png HTTP/1.1" 404 179
2026-07-20 06:14:14,463 [WARNING] django.server: "GET /static/img/lion-roar.png HTTP/1.1" 404 179
2026-07-20 06:14:14,502 [WARNING] django.server: "GET /static/img/sepahan-logo.png HTTP/1.1" 404 179
2026-07-20 06:14:14,502 [WARNING] django.server: "GET /static/img/sepahan-logo.png HTTP/1.1" 404 179
2026-07-20 06:14:14,678 [WARNING] django.server: "GET /static/js/script.js HTTP/1.1" 404 179
2026-07-20 06:14:14,678 [WARNING] django.server: "GET /static/js/script.js HTTP/1.1" 404 179
2026-07-20 06:14:17,551 [INFO] django.server: "GET /accounts/login/ HTTP/1.1" 200 36626
2026-07-20 06:14:17,551 [INFO] django.server: "GET /accounts/login/ HTTP/1.1" 200 36626
2026-07-20 06:14:17,605 [WARNING] django.server: "GET /static/css/style.css HTTP/1.1" 404 179
2026-07-20 06:14:17,605 [WARNING] django.server: "GET /static/css/style.css HTTP/1.1" 404 179
2026-07-20 06:14:17,610 [WARNING] django.server: "GET /static/js/script.js HTTP/1.1" 404 179
2026-07-20 06:14:17,610 [WARNING] django.server: "GET /static/js/script.js HTTP/1.1" 404 179
2026-07-20 06:14:17,611 [WARNING] django.server: "GET /static/img/sepahan-logo.png HTTP/1.1" 404 179
2026-07-20 06:14:17,611 [WARNING] django.server: "GET /static/img/sepahan-logo.png HTTP/1.1" 404 179
2026-07-20 06:14:17,639 [WARNING] django.server: "GET /static/js/script.js HTTP/1.1" 404 179
2026-07-20 06:14:17,639 [WARNING] django.server: "GET /static/js/script.js HTTP/1.1" 404 179
2026-07-20 06:14:17,667 [WARNING] django.server: "GET /static/img/sepahan-logo.png HTTP/1.1" 404 179
2026-07-20 06:14:17,667 [WARNING] django.server: "GET /static/img/sepahan-logo.png HTTP/1.1" 404 179
2026-07-20 06:14:23,760 [INFO] accounts.services: SMS sent successfully to 09138162670, MessageId: 651062105
2026-07-20 06:14:23,773 [INFO] django.server: "POST /accounts/login/ HTTP/1.1" 302 0
2026-07-20 06:14:23,773 [INFO] django.server: "POST /accounts/login/ HTTP/1.1" 302 0
2026-07-20 06:14:23,802 [INFO] django.server: "GET /accounts/verify/ HTTP/1.1" 200 58344
2026-07-20 06:14:23,802 [INFO] django.server: "GET /accounts/verify/ HTTP/1.1" 200 58344
2026-07-20 06:14:23,938 [WARNING] django.server: "GET /static/img/sepahan-logo.png HTTP/1.1" 404 179
2026-07-20 06:14:23,938 [WARNING] django.server: "GET /static/img/sepahan-logo.png HTTP/1.1" 404 179
2026-07-20 06:14:23,941 [WARNING] django.server: "GET /static/css/style.css HTTP/1.1" 404 179
2026-07-20 06:14:23,941 [WARNING] django.server: "GET /static/css/style.css HTTP/1.1" 404 179
2026-07-20 06:14:23,949 [WARNING] django.server: "GET /static/js/script.js HTTP/1.1" 404 179
2026-07-20 06:14:23,949 [WARNING] django.server: "GET /static/js/script.js HTTP/1.1" 404 179
2026-07-20 06:14:24,012 [WARNING] django.server: "GET /static/js/script.js HTTP/1.1" 404 179
2026-07-20 06:14:24,012 [WARNING] django.server: "GET /static/js/script.js HTTP/1.1" 404 179
2026-07-20 06:14:43,595 [INFO] django.server: "POST /accounts/verify/ HTTP/1.1" 302 0
2026-07-20 06:14:43,595 [INFO] django.server: "POST /accounts/verify/ HTTP/1.1" 302 0
2026-07-20 06:14:43,660 [INFO] django.server: "GET /matches/ HTTP/1.1" 200 64444
2026-07-20 06:14:43,660 [INFO] django.server: "GET /matches/ HTTP/1.1" 200 64444
2026-07-20 06:14:43,711 [WARNING] django.server: "GET /static/css/style.css HTTP/1.1" 404 179
2026-07-20 06:14:43,711 [WARNING] django.server: "GET /static/css/style.css HTTP/1.1" 404 179
2026-07-20 06:14:43,713 [WARNING] django.server: "GET /static/img/sepahan-logo.png HTTP/1.1" 404 179
2026-07-20 06:14:43,713 [WARNING] django.server: "GET /static/img/sepahan-logo.png HTTP/1.1" 404 179
2026-07-20 06:14:43,715 [WARNING] django.server: "GET /media/team_logos/sepahan-logo_vQMfqRE.png HTTP/1.1" 404 179
2026-07-20 06:14:43,715 [WARNING] django.server: "GET /media/team_logos/sepahan-logo_vQMfqRE.png HTTP/1.1" 404 179
2026-07-20 06:14:43,716 [WARNING] django.server: "GET /media/team_logos/profile.webp HTTP/1.1" 404 179
2026-07-20 06:14:43,716 [WARNING] django.server: "GET /media/team_logos/profile.webp HTTP/1.1" 404 179
2026-07-20 06:14:43,717 [WARNING] django.server: "GET /media/team_logos/sepahan-logo_HyT5LEZ.png HTTP/1.1" 404 179
2026-07-20 06:14:43,717 [WARNING] django.server: "GET /media/team_logos/sepahan-logo_HyT5LEZ.png HTTP/1.1" 404 179
2026-07-20 06:14:43,718 [WARNING] django.server: "GET /media/team_logos/fc-persepolis-seeklogo_1m2k1d1.png HTTP/1.1" 404 179
2026-07-20 06:14:43,718 [WARNING] django.server: "GET /media/team_logos/fc-persepolis-seeklogo_1m2k1d1.png HTTP/1.1" 404 179
2026-07-20 06:14:43,739 [WARNING] django.server: "GET /static/js/script.js HTTP/1.1" 404 179
2026-07-20 06:14:43,739 [WARNING] django.server: "GET /static/js/script.js HTTP/1.1" 404 179
2026-07-20 06:14:43,740 [WARNING] django.server: "GET /media/team_logos/iran_tractor_1500x1500_0Lnfd4g.football-logos.cc.png HTTP/1.1" 404 179
2026-07-20 06:14:43,740 [WARNING] django.server: "GET /media/team_logos/iran_tractor_1500x1500_0Lnfd4g.football-logos.cc.png HTTP/1.1" 404 179
2026-07-20 06:14:43,740 [WARNING] django.server: "GET /media/team_logos/sepahan-logo_AqvyGY8.png HTTP/1.1" 404 179
2026-07-20 06:14:43,740 [WARNING] django.server: "GET /media/team_logos/sepahan-logo_AqvyGY8.png HTTP/1.1" 404 179
2026-07-20 06:14:43,782 [WARNING] django.server: "GET /static/img/lion-roar.png HTTP/1.1" 404 179
2026-07-20 06:14:43,782 [WARNING] django.server: "GET /static/img/lion-roar.png HTTP/1.1" 404 179
2026-07-20 06:14:44,096 [WARNING] django.server: "GET /static/js/script.js HTTP/1.1" 404 179
2026-07-20 06:14:44,096 [WARNING] django.server: "GET /static/js/script.js HTTP/1.1" 404 179
2026-07-20 06:14:48,033 [INFO] django.server: "GET /matches/select-floor/6/ HTTP/1.1" 200 36392
2026-07-20 06:14:48,033 [INFO] django.server: "GET /matches/select-floor/6/ HTTP/1.1" 200 36392
2026-07-20 06:14:48,081 [WARNING] django.server: "GET /static/css/style.css HTTP/1.1" 404 179
2026-07-20 06:14:48,081 [WARNING] django.server: "GET /static/css/style.css HTTP/1.1" 404 179
2026-07-20 06:14:48,085 [WARNING] django.server: "GET /static/img/sepahan-logo.png HTTP/1.1" 404 179
2026-07-20 06:14:48,085 [WARNING] django.server: "GET /static/img/sepahan-logo.png HTTP/1.1" 404 179
2026-07-20 06:14:48,086 [WARNING] django.server: "GET /static/js/script.js HTTP/1.1" 404 179
2026-07-20 06:14:48,086 [WARNING] django.server: "GET /static/js/script.js HTTP/1.1" 404 179
2026-07-20 06:14:48,408 [WARNING] django.server: "GET /static/js/script.js HTTP/1.1" 404 179
2026-07-20 06:14:48,408 [WARNING] django.server: "GET /static/js/script.js HTTP/1.1" 404 179
2026-07-20 06:14:49,059 [INFO] django.server: "POST /matches/select-floor/6/ HTTP/1.1" 302 0
2026-07-20 06:14:49,059 [INFO] django.server: "POST /matches/select-floor/6/ HTTP/1.1" 302 0
2026-07-20 06:14:49,247 [INFO] django.server: "GET /matches/select-block/6/ HTTP/1.1" 200 126801
2026-07-20 06:14:49,247 [INFO] django.server: "GET /matches/select-block/6/ HTTP/1.1" 200 126801
2026-07-20 06:14:49,287 [WARNING] django.server: "GET /static/css/style.css HTTP/1.1" 404 179
2026-07-20 06:14:49,287 [WARNING] django.server: "GET /static/css/style.css HTTP/1.1" 404 179
2026-07-20 06:14:49,292 [WARNING] django.server: "GET /static/img/sepahan-logo.png HTTP/1.1" 404 179
2026-07-20 06:14:49,292 [WARNING] django.server: "GET /static/img/sepahan-logo.png HTTP/1.1" 404 179
2026-07-20 06:14:49,294 [WARNING] django.server: "GET /static/img/staduim.png HTTP/1.1" 404 179
2026-07-20 06:14:49,294 [WARNING] django.server: "GET /media/team_logos/sepahan-logo_vQMfqRE.png HTTP/1.1" 404 179
2026-07-20 06:14:49,294 [WARNING] django.server: "GET /static/img/staduim.png HTTP/1.1" 404 179
2026-07-20 06:14:49,294 [WARNING] django.server: "GET /media/team_logos/sepahan-logo_vQMfqRE.png HTTP/1.1" 404 179
2026-07-20 06:14:49,295 [WARNING] django.server: "GET /media/team_logos/profile.webp HTTP/1.1" 404 179
2026-07-20 06:14:49,295 [WARNING] django.server: "GET /media/team_logos/profile.webp HTTP/1.1" 404 179
2026-07-20 06:14:49,296 [WARNING] django.server: "GET /static/js/script.js HTTP/1.1" 404 179
2026-07-20 06:14:49,296 [WARNING] django.server: "GET /static/js/script.js HTTP/1.1" 404 179
2026-07-20 06:14:49,315 [WARNING] django.server: "GET /static/js/script.js HTTP/1.1" 404 179
2026-07-20 06:14:49,315 [WARNING] django.server: "GET /static/js/script.js HTTP/1.1" 404 179
2026-07-20 06:14:49,381 [WARNING] django.server: "GET /media/stadium_images/photo_%DB%B2%DB%B0%DB%B1%DB%B9-%DB%B1%DB%B1-%DB%B2%DB%B8_%DB%B1%DB%B2-%DB%B4%DB%B8-%DB%B5%DB%B3.jpg HTTP/1.1" 404 179
2026-07-20 06:14:49,381 [WARNING] django.server: "GET /media/stadium_images/photo_%DB%B2%DB%B0%DB%B1%DB%B9-%DB%B1%DB%B1-%DB%B2%DB%B8_%DB%B1%DB%B2-%DB%B4%DB%B8-%DB%B5%DB%B3.jpg HTTP/1.1" 404 179
2026-07-20 06:14:52,279 [INFO] django.server: "POST /matches/select-block/6/ HTTP/1.1" 302 0
2026-07-20 06:14:52,279 [INFO] django.server: "POST /matches/select-block/6/ HTTP/1.1" 302 0
2026-07-20 06:14:52,709 [INFO] django.server: "GET /matches/match/6/block-map/ HTTP/1.1" 200 439496
2026-07-20 06:14:52,709 [INFO] django.server: "GET /matches/match/6/block-map/ HTTP/1.1" 200 439496
2026-07-20 06:14:52,769 [WARNING] django.server: "GET /static/css/style.css HTTP/1.1" 404 179
2026-07-20 06:14:52,769 [WARNING] django.server: "GET /static/css/style.css HTTP/1.1" 404 179
2026-07-20 06:14:52,772 [WARNING] django.server: "GET /static/js/script.js HTTP/1.1" 404 179
2026-07-20 06:14:52,772 [WARNING] django.server: "GET /static/js/script.js HTTP/1.1" 404 179
2026-07-20 06:14:52,776 [WARNING] django.server: "GET /static/img/sepahan-logo.png HTTP/1.1" 404 179
2026-07-20 06:14:52,776 [WARNING] django.server: "GET /static/img/sepahan-logo.png HTTP/1.1" 404 179
2026-07-20 06:14:52,811 [WARNING] django.server: "GET /static/js/script.js HTTP/1.1" 404 179
2026-07-20 06:14:52,811 [WARNING] django.server: "GET /static/js/script.js HTTP/1.1" 404 179
2026-07-20 06:14:53,484 [INFO] django.server: "GET /matches/get-seats-status/6/?row_id=133 HTTP/1.1" 200 2972
2026-07-20 06:14:53,484 [INFO] django.server: "GET /matches/get-seats-status/6/?row_id=133 HTTP/1.1" 200 2972
2026-07-20 06:14:57,477 [INFO] django.server: "POST /tickets/reserve/6/ HTTP/1.1" 302 0
2026-07-20 06:14:57,477 [INFO] django.server: "POST /tickets/reserve/6/ HTTP/1.1" 302 0
2026-07-20 06:14:57,500 [INFO] django.server: "GET /tickets/ticket-info/6/ HTTP/1.1" 200 69349
2026-07-20 06:14:57,500 [INFO] django.server: "GET /tickets/ticket-info/6/ HTTP/1.1" 200 69349
2026-07-20 06:14:57,544 [WARNING] django.server: "GET /static/css/style.css HTTP/1.1" 404 179
2026-07-20 06:14:57,544 [WARNING] django.server: "GET /static/css/style.css HTTP/1.1" 404 179
2026-07-20 06:14:57,547 [WARNING] django.server: "GET /static/js/script.js HTTP/1.1" 404 179
2026-07-20 06:14:57,547 [WARNING] django.server: "GET /static/js/script.js HTTP/1.1" 404 179
2026-07-20 06:14:57,548 [WARNING] django.server: "GET /static/img/sepahan-logo.png HTTP/1.1" 404 179
2026-07-20 06:14:57,548 [WARNING] django.server: "GET /static/img/sepahan-logo.png HTTP/1.1" 404 179
2026-07-20 06:14:57,578 [WARNING] django.server: "GET /static/js/script.js HTTP/1.1" 404 179
2026-07-20 06:14:57,578 [WARNING] django.server: "GET /static/js/script.js HTTP/1.1" 404 179
2026-07-20 06:15:12,639 [WARNING] django.server: "POST /tickets/inquiry-fan/ HTTP/1.1" 400 135
2026-07-20 06:15:12,639 [WARNING] django.server: "POST /tickets/inquiry-fan/ HTTP/1.1" 400 135
2026-07-20 06:15:39,672 [WARNING] django.server: "POST /tickets/inquiry-fan/ HTTP/1.1" 400 135
2026-07-20 06:15:39,672 [WARNING] django.server: "POST /tickets/inquiry-fan/ HTTP/1.1" 400 135
2026-07-20 06:18:39,137 [INFO] django.utils.autoreload: /home/kasra/Desktop/ticket.sepahansc/football_tickets/tickets/views.py changed, reloading.
2026-07-20 06:18:39,137 [INFO] django.utils.autoreload: /home/kasra/Desktop/ticket.sepahansc/football_tickets/tickets/views.py changed, reloading.
2026-07-20 06:18:40,380 [INFO] weasyprint.progress: Step 2 - Fetching and parsing CSS - CSS string
2026-07-20 06:18:40,446 [INFO] weasyprint.progress: Step 2 - Fetching and parsing CSS - CSS string
2026-07-20 06:18:40,451 [INFO] weasyprint.progress: Step 2 - Fetching and parsing CSS - CSS string
2026-07-20 06:18:40,649 [INFO] django.utils.autoreload: Watching for file changes with StatReloader
2026-07-20 06:18:40,649 [INFO] django.utils.autoreload: Watching for file changes with StatReloader
2026-07-20 06:19:12,846 [INFO] django.server: "POST /tickets/release-reservation/ HTTP/1.1" 200 51
2026-07-20 06:19:12,846 [INFO] django.server: "POST /tickets/release-reservation/ HTTP/1.1" 200 51
2026-07-20 06:19:12,852 [INFO] django.server: "GET /tickets/ticket-info/6/ HTTP/1.1" 200 69349
2026-07-20 06:19:12,852 [INFO] django.server: "GET /tickets/ticket-info/6/ HTTP/1.1" 200 69349
2026-07-20 06:19:12,894 [WARNING] django.server: "GET /static/css/style.css HTTP/1.1" 404 179
2026-07-20 06:19:12,894 [WARNING] django.server: "GET /static/css/style.css HTTP/1.1" 404 179
2026-07-20 06:19:12,900 [WARNING] django.server: "GET /static/img/sepahan-logo.png HTTP/1.1" 404 179
2026-07-20 06:19:12,900 [WARNING] django.server: "GET /static/img/sepahan-logo.png HTTP/1.1" 404 179
2026-07-20 06:19:14,522 [WARNING] django.server: "GET /static/js/script.js HTTP/1.1" 404 179
2026-07-20 06:19:14,522 [WARNING] django.server: "GET /static/js/script.js HTTP/1.1" 404 179
2026-07-20 06:19:14,538 [WARNING] django.server: "GET /static/js/script.js HTTP/1.1" 404 179
2026-07-20 06:19:14,538 [WARNING] django.server: "GET /static/js/script.js HTTP/1.1" 404 179
2026-07-20 06:19:17,414 [WARNING] django.server: "GET /static/img/sepahan-logo.png HTTP/1.1" 404 179
2026-07-20 06:19:17,414 [WARNING] django.server: "GET /static/img/sepahan-logo.png HTTP/1.1" 404 179
2026-07-20 06:19:22,436 [INFO] weasyprint.progress: Step 2 - Fetching and parsing CSS - CSS string
2026-07-20 06:19:22,468 [INFO] weasyprint.progress: Step 2 - Fetching and parsing CSS - CSS string
2026-07-20 06:19:22,473 [INFO] weasyprint.progress: Step 2 - Fetching and parsing CSS - CSS string
2026-07-20 06:19:22,994 [INFO] weasyprint.progress: Step 2 - Fetching and parsing CSS - CSS string
2026-07-20 06:19:23,027 [INFO] weasyprint.progress: Step 2 - Fetching and parsing CSS - CSS string
2026-07-20 06:19:23,033 [INFO] weasyprint.progress: Step 2 - Fetching and parsing CSS - CSS string
2026-07-20 06:19:23,163 [INFO] django.utils.autoreload: Watching for file changes with StatReloader
2026-07-20 06:19:23,163 [INFO] django.utils.autoreload: Watching for file changes with StatReloader
2026-07-20 06:19:25,257 [INFO] django.server: "POST /tickets/release-reservation/ HTTP/1.1" 200 51
2026-07-20 06:19:25,257 [INFO] django.server: "POST /tickets/release-reservation/ HTTP/1.1" 200 51
2026-07-20 06:19:25,275 [INFO] django.server: "GET /tickets/ticket-info/6/ HTTP/1.1" 302 0
2026-07-20 06:19:25,275 [INFO] django.server: "GET /tickets/ticket-info/6/ HTTP/1.1" 302 0
2026-07-20 06:19:25,729 [INFO] django.server: "GET /matches/match/6/block-map/ HTTP/1.1" 200 440069
2026-07-20 06:19:25,729 [INFO] django.server: "GET /matches/match/6/block-map/ HTTP/1.1" 200 440069
2026-07-20 06:19:25,781 [WARNING] django.server: "GET /static/css/style.css HTTP/1.1" 404 179
2026-07-20 06:19:25,781 [WARNING] django.server: "GET /static/css/style.css HTTP/1.1" 404 179
2026-07-20 06:19:25,781 [WARNING] django.server: "GET /static/img/sepahan-logo.png HTTP/1.1" 404 179
2026-07-20 06:19:25,781 [WARNING] django.server: "GET /static/img/sepahan-logo.png HTTP/1.1" 404 179
2026-07-20 06:19:25,787 [WARNING] django.server: "GET /static/js/script.js HTTP/1.1" 404 179
2026-07-20 06:19:25,787 [WARNING] django.server: "GET /static/js/script.js HTTP/1.1" 404 179
2026-07-20 06:19:26,416 [INFO] django.server: "GET /matches/get-seats-status/6/?row_id=133 HTTP/1.1" 200 2972
2026-07-20 06:19:26,416 [INFO] django.server: "GET /matches/get-seats-status/6/?row_id=133 HTTP/1.1" 200 2972
2026-07-20 06:19:26,507 [WARNING] django.server: "GET /static/js/script.js HTTP/1.1" 404 179
2026-07-20 06:19:26,507 [WARNING] django.server: "GET /static/js/script.js HTTP/1.1" 404 179
2026-07-20 06:19:30,263 [INFO] django.server: "POST /tickets/reserve/6/ HTTP/1.1" 302 0
2026-07-20 06:19:30,263 [INFO] django.server: "POST /tickets/reserve/6/ HTTP/1.1" 302 0
2026-07-20 06:19:30,284 [INFO] django.server: "GET /tickets/ticket-info/6/ HTTP/1.1" 200 69349
2026-07-20 06:19:30,284 [INFO] django.server: "GET /tickets/ticket-info/6/ HTTP/1.1" 200 69349
2026-07-20 06:19:30,325 [WARNING] django.server: "GET /static/css/style.css HTTP/1.1" 404 179
2026-07-20 06:19:30,325 [WARNING] django.server: "GET /static/css/style.css HTTP/1.1" 404 179
2026-07-20 06:19:30,330 [WARNING] django.server: "GET /static/img/sepahan-logo.png HTTP/1.1" 404 179
2026-07-20 06:19:30,330 [WARNING] django.server: "GET /static/img/sepahan-logo.png HTTP/1.1" 404 179
2026-07-20 06:19:30,331 [WARNING] django.server: "GET /static/js/script.js HTTP/1.1" 404 179
2026-07-20 06:19:30,331 [WARNING] django.server: "GET /static/js/script.js HTTP/1.1" 404 179
2026-07-20 06:19:30,638 [WARNING] django.server: "GET /static/js/script.js HTTP/1.1" 404 179
2026-07-20 06:19:30,638 [WARNING] django.server: "GET /static/js/script.js HTTP/1.1" 404 179
2026-07-20 06:19:40,848 [INFO] tickets.views: 📥 درخواست به inquiry_fan رسید: POST
2026-07-20 06:19:40,848 [INFO] tickets.views: 📋 POST data: <QueryDict: {'kodeMeli': ['1272761371'], 'seat_index': ['1']}>
2026-07-20 06:19:40,848 [INFO] tickets.views: 🔍 کد ملی: 1272761371, seat_index: 1
2026-07-20 06:19:41,522 [INFO] tickets.views: ✅ توکن با موفقیت دریافت شد
2026-07-20 06:19:41,523 [INFO] tickets.views: 🔑 توکن دریافت شد: eyJhbGciOiJIUzUxMiJ9...
2026-07-20 06:19:41,523 [INFO] tickets.views: 📤 ارسال به API: {'kodeMeli': '1272761371', 'shomareyeHamrah': '09138162670', 'tarikheTavallod': '1362/01/01', 'isMizban': True, 'shenaseyeKarbareKharidar': 2765062}
2026-07-20 06:19:41,931 [INFO] tickets.views: 📥 پاسخ API: status=500, data={'statusCode': 500, 'timestamp': '2026-07-20T06:19:35.356+00:00', 'message': 'could not execute statement; SQL [n/a]; constraint [null]; nested exception is org.hibernate.exception.ConstraintViolationException: could not execute statement', 'description': 'uri=/api/v1/inquiry'}
2026-07-20 06:19:41,931 [ERROR] tickets.views: ❌ خطا از API: could not execute statement; SQL [n/a]; constraint [null]; nested exception is org.hibernate.exception.ConstraintViolationException: could not execute statement
2026-07-20 06:19:41,946 [ERROR] django.request: Internal Server Error: /tickets/inquiry-fan/
2026-07-20 06:19:41,946 [ERROR] django.server: "POST /tickets/inquiry-fan/ HTTP/1.1" 500 191
2026-07-20 06:19:41,946 [ERROR] django.server: "POST /tickets/inquiry-fan/ HTTP/1.1" 500 191
2026-07-20 06:23:21,531 [INFO] django.utils.autoreload: /home/kasra/Desktop/ticket.sepahansc/football_tickets/tickets/urls.py changed, reloading.
2026-07-20 06:23:21,531 [INFO] django.utils.autoreload: /home/kasra/Desktop/ticket.sepahansc/football_tickets/tickets/urls.py changed, reloading.
2026-07-20 06:23:22,406 [INFO] weasyprint.progress: Step 2 - Fetching and parsing CSS - CSS string
2026-07-20 06:23:22,440 [INFO] weasyprint.progress: Step 2 - Fetching and parsing CSS - CSS string
2026-07-20 06:23:22,445 [INFO] weasyprint.progress: Step 2 - Fetching and parsing CSS - CSS string
2026-07-20 06:23:22,579 [INFO] django.utils.autoreload: Watching for file changes with StatReloader
2026-07-20 06:23:22,579 [INFO] django.utils.autoreload: Watching for file changes with StatReloader
2026-07-20 06:52:22,211 [INFO] django.utils.autoreload: /home/kasra/Desktop/ticket.sepahansc/football_tickets/tickets/views.py changed, reloading.
2026-07-20 06:52:22,211 [INFO] django.utils.autoreload: /home/kasra/Desktop/ticket.sepahansc/football_tickets/tickets/views.py changed, reloading.
2026-07-20 06:52:23,450 [INFO] weasyprint.progress: Step 2 - Fetching and parsing CSS - CSS string
2026-07-20 06:52:23,501 [INFO] weasyprint.progress: Step 2 - Fetching and parsing CSS - CSS string
2026-07-20 06:52:23,514 [INFO] weasyprint.progress: Step 2 - Fetching and parsing CSS - CSS string
2026-07-20 06:52:23,734 [INFO] django.utils.autoreload: Watching for file changes with StatReloader
2026-07-20 06:52:23,734 [INFO] django.utils.autoreload: Watching for file changes with StatReloader
2026-07-20 06:52:51,354 [INFO] django.utils.autoreload: /home/kasra/Desktop/ticket.sepahansc/football_tickets/tickets/views.py changed, reloading.
2026-07-20 06:52:51,354 [INFO] django.utils.autoreload: /home/kasra/Desktop/ticket.sepahansc/football_tickets/tickets/views.py changed, reloading.
2026-07-20 06:52:52,447 [INFO] weasyprint.progress: Step 2 - Fetching and parsing CSS - CSS string
2026-07-20 06:52:52,500 [INFO] weasyprint.progress: Step 2 - Fetching and parsing CSS - CSS string
2026-07-20 06:52:52,511 [INFO] weasyprint.progress: Step 2 - Fetching and parsing CSS - CSS string
2026-07-20 06:52:52,710 [INFO] django.utils.autoreload: Watching for file changes with StatReloader
2026-07-20 06:52:52,710 [INFO] django.utils.autoreload: Watching for file changes with StatReloader
2026-07-20 06:53:19,646 [INFO] django.utils.autoreload: /home/kasra/Desktop/ticket.sepahansc/football_tickets/tickets/views.py changed, reloading.
2026-07-20 06:53:19,646 [INFO] django.utils.autoreload: /home/kasra/Desktop/ticket.sepahansc/football_tickets/tickets/views.py changed, reloading.
2026-07-20 06:53:20,430 [INFO] weasyprint.progress: Step 2 - Fetching and parsing CSS - CSS string
2026-07-20 06:53:20,474 [INFO] weasyprint.progress: Step 2 - Fetching and parsing CSS - CSS string
2026-07-20 06:53:20,480 [INFO] weasyprint.progress: Step 2 - Fetching and parsing CSS - CSS string
2026-07-20 06:53:20,678 [INFO] django.utils.autoreload: Watching for file changes with StatReloader
2026-07-20 06:53:20,678 [INFO] django.utils.autoreload: Watching for file changes with StatReloader
2026-07-20 06:53:43,490 [INFO] django.utils.autoreload: /home/kasra/Desktop/ticket.sepahansc/football_tickets/tickets/views.py changed, reloading.
2026-07-20 06:53:43,490 [INFO] django.utils.autoreload: /home/kasra/Desktop/ticket.sepahansc/football_tickets/tickets/views.py changed, reloading.
2026-07-20 06:53:44,341 [INFO] weasyprint.progress: Step 2 - Fetching and parsing CSS - CSS string
2026-07-20 06:53:44,376 [INFO] weasyprint.progress: Step 2 - Fetching and parsing CSS - CSS string
2026-07-20 06:53:44,381 [INFO] weasyprint.progress: Step 2 - Fetching and parsing CSS - CSS string
2026-07-20 06:53:44,580 [INFO] django.utils.autoreload: Watching for file changes with StatReloader
2026-07-20 06:53:44,580 [INFO] django.utils.autoreload: Watching for file changes with StatReloader
2026-07-20 06:57:32,565 [INFO] django.utils.autoreload: /home/kasra/Desktop/ticket.sepahansc/football_tickets/tickets/views.py changed, reloading.
2026-07-20 06:57:32,565 [INFO] django.utils.autoreload: /home/kasra/Desktop/ticket.sepahansc/football_tickets/tickets/views.py changed, reloading.
2026-07-20 06:57:33,471 [INFO] weasyprint.progress: Step 2 - Fetching and parsing CSS - CSS string
2026-07-20 06:57:33,507 [INFO] weasyprint.progress: Step 2 - Fetching and parsing CSS - CSS string
2026-07-20 06:57:33,516 [INFO] weasyprint.progress: Step 2 - Fetching and parsing CSS - CSS string
2026-07-20 06:57:33,725 [INFO] django.utils.autoreload: Watching for file changes with StatReloader
2026-07-20 06:57:33,725 [INFO] django.utils.autoreload: Watching for file changes with StatReloader
2026-07-20 06:57:59,564 [INFO] weasyprint.progress: Step 2 - Fetching and parsing CSS - CSS string
2026-07-20 06:57:59,598 [INFO] weasyprint.progress: Step 2 - Fetching and parsing CSS - CSS string
2026-07-20 06:57:59,604 [INFO] weasyprint.progress: Step 2 - Fetching and parsing CSS - CSS string
2026-07-20 06:58:00,137 [INFO] weasyprint.progress: Step 2 - Fetching and parsing CSS - CSS string
2026-07-20 06:58:00,171 [INFO] weasyprint.progress: Step 2 - Fetching and parsing CSS - CSS string
2026-07-20 06:58:00,176 [INFO] weasyprint.progress: Step 2 - Fetching and parsing CSS - CSS string
2026-07-20 06:58:00,305 [INFO] django.utils.autoreload: Watching for file changes with StatReloader
2026-07-20 06:58:00,305 [INFO] django.utils.autoreload: Watching for file changes with StatReloader
2026-07-20 06:58:05,180 [INFO] django.server: "POST /tickets/release-reservation/ HTTP/1.1" 200 51
2026-07-20 06:58:05,180 [INFO] django.server: "POST /tickets/release-reservation/ HTTP/1.1" 200 51
2026-07-20 06:58:05,198 [INFO] django.server: "GET /tickets/ticket-info/6/ HTTP/1.1" 302 0
2026-07-20 06:58:05,198 [INFO] django.server: "GET /tickets/ticket-info/6/ HTTP/1.1" 302 0
2026-07-20 06:58:05,741 [INFO] django.server: "GET /matches/match/6/block-map/ HTTP/1.1" 200 440069
2026-07-20 06:58:05,741 [INFO] django.server: "GET /matches/match/6/block-map/ HTTP/1.1" 200 440069
2026-07-20 06:58:05,798 [WARNING] django.server: "GET /static/css/style.css HTTP/1.1" 404 179
2026-07-20 06:58:05,798 [WARNING] django.server: "GET /static/css/style.css HTTP/1.1" 404 179
2026-07-20 06:58:05,801 [WARNING] django.server: "GET /static/img/sepahan-logo.png HTTP/1.1" 404 179
2026-07-20 06:58:05,801 [WARNING] django.server: "GET /static/img/sepahan-logo.png HTTP/1.1" 404 179
2026-07-20 06:58:05,802 [WARNING] django.server: "GET /static/js/script.js HTTP/1.1" 404 179
2026-07-20 06:58:05,802 [WARNING] django.server: "GET /static/js/script.js HTTP/1.1" 404 179
2026-07-20 06:58:06,351 [WARNING] django.server: "GET /static/js/script.js HTTP/1.1" 404 179
2026-07-20 06:58:06,351 [WARNING] django.server: "GET /static/js/script.js HTTP/1.1" 404 179
2026-07-20 06:58:06,434 [INFO] django.server: "GET /matches/get-seats-status/6/?row_id=133 HTTP/1.1" 200 2972
2026-07-20 06:58:06,434 [INFO] django.server: "GET /matches/get-seats-status/6/?row_id=133 HTTP/1.1" 200 2972
2026-07-20 06:58:09,442 [INFO] django.server: "POST /tickets/reserve/6/ HTTP/1.1" 302 0
2026-07-20 06:58:09,442 [INFO] django.server: "POST /tickets/reserve/6/ HTTP/1.1" 302 0
2026-07-20 06:58:09,465 [INFO] django.server: "GET /tickets/ticket-info/6/ HTTP/1.1" 200 63987
2026-07-20 06:58:09,465 [INFO] django.server: "GET /tickets/ticket-info/6/ HTTP/1.1" 200 63987
2026-07-20 06:58:09,558 [WARNING] django.server: "GET /static/css/style.css HTTP/1.1" 404 179
2026-07-20 06:58:09,558 [WARNING] django.server: "GET /static/css/style.css HTTP/1.1" 404 179
2026-07-20 06:58:09,561 [WARNING] django.server: "GET /static/img/sepahan-logo.png HTTP/1.1" 404 179
2026-07-20 06:58:09,561 [WARNING] django.server: "GET /static/img/sepahan-logo.png HTTP/1.1" 404 179
2026-07-20 06:58:09,566 [WARNING] django.server: "GET /static/js/script.js HTTP/1.1" 404 179
2026-07-20 06:58:09,566 [WARNING] django.server: "GET /static/js/script.js HTTP/1.1" 404 179
2026-07-20 06:58:10,306 [WARNING] django.server: "GET /static/js/script.js HTTP/1.1" 404 179
2026-07-20 06:58:10,306 [WARNING] django.server: "GET /static/js/script.js HTTP/1.1" 404 179
2026-07-20 06:58:39,116 [WARNING] django.server: "POST /tickets/inquiry-fan/ HTTP/1.1" 404 179
2026-07-20 06:58:39,116 [WARNING] django.server: "POST /tickets/inquiry-fan/ HTTP/1.1" 404 179
2026-07-20 06:59:26,759 [INFO] django.server: "POST /tickets/release-reservation/ HTTP/1.1" 200 51
2026-07-20 06:59:26,759 [INFO] django.server: "POST /tickets/release-reservation/ HTTP/1.1" 200 51
2026-07-20 06:59:26,769 [INFO] django.server: "GET /wallet/dashboard/ HTTP/1.1" 200 58410
2026-07-20 06:59:26,769 [INFO] django.server: "GET /wallet/dashboard/ HTTP/1.1" 200 58410
2026-07-20 06:59:26,827 [WARNING] django.server: "GET /static/js/script.js HTTP/1.1" 404 179
2026-07-20 06:59:26,827 [WARNING] django.server: "GET /static/js/script.js HTTP/1.1" 404 179
2026-07-20 06:59:26,827 [WARNING] django.server: "GET /static/img/sepahan-logo.png HTTP/1.1" 404 179
2026-07-20 06:59:26,827 [WARNING] django.server: "GET /static/img/sepahan-logo.png HTTP/1.1" 404 179
2026-07-20 06:59:26,828 [WARNING] django.server: "GET /static/css/style.css HTTP/1.1" 404 179
2026-07-20 06:59:26,828 [WARNING] django.server: "GET /static/css/style.css HTTP/1.1" 404 179
2026-07-20 06:59:27,159 [WARNING] django.server: "GET /static/js/script.js HTTP/1.1" 404 179
2026-07-20 06:59:27,159 [WARNING] django.server: "GET /static/js/script.js HTTP/1.1" 404 179
2026-07-20 06:59:28,648 [INFO] django.server: "GET /matches/ HTTP/1.1" 200 63945
2026-07-20 06:59:28,648 [INFO] django.server: "GET /matches/ HTTP/1.1" 200 63945
2026-07-20 06:59:28,710 [WARNING] django.server: "GET /static/css/style.css HTTP/1.1" 404 179
2026-07-20 06:59:28,710 [WARNING] django.server: "GET /static/css/style.css HTTP/1.1" 404 179
2026-07-20 06:59:28,714 [WARNING] django.server: "GET /static/img/sepahan-logo.png HTTP/1.1" 404 179
2026-07-20 06:59:28,714 [WARNING] django.server: "GET /static/img/sepahan-logo.png HTTP/1.1" 404 179
2026-07-20 06:59:28,714 [WARNING] django.server: "GET /media/team_logos/sepahan-logo_vQMfqRE.png HTTP/1.1" 404 179
2026-07-20 06:59:28,714 [WARNING] django.server: "GET /media/team_logos/sepahan-logo_vQMfqRE.png HTTP/1.1" 404 179
2026-07-20 06:59:28,718 [WARNING] django.server: "GET /media/team_logos/profile.webp HTTP/1.1" 404 179
2026-07-20 06:59:28,718 [WARNING] django.server: "GET /media/team_logos/profile.webp HTTP/1.1" 404 179
2026-07-20 06:59:28,726 [WARNING] django.server: "GET /media/team_logos/sepahan-logo_HyT5LEZ.png HTTP/1.1" 404 179
2026-07-20 06:59:28,726 [WARNING] django.server: "GET /media/team_logos/sepahan-logo_HyT5LEZ.png HTTP/1.1" 404 179
2026-07-20 06:59:28,727 [WARNING] django.server: "GET /media/team_logos/fc-persepolis-seeklogo_1m2k1d1.png HTTP/1.1" 404 179
2026-07-20 06:59:28,727 [WARNING] django.server: "GET /media/team_logos/fc-persepolis-seeklogo_1m2k1d1.png HTTP/1.1" 404 179
2026-07-20 06:59:28,734 [WARNING] django.server: "GET /static/js/script.js HTTP/1.1" 404 179
2026-07-20 06:59:28,734 [WARNING] django.server: "GET /static/js/script.js HTTP/1.1" 404 179
2026-07-20 06:59:28,738 [WARNING] django.server: "GET /media/team_logos/iran_tractor_1500x1500_0Lnfd4g.football-logos.cc.png HTTP/1.1" 404 179
2026-07-20 06:59:28,738 [WARNING] django.server: "GET /media/team_logos/iran_tractor_1500x1500_0Lnfd4g.football-logos.cc.png HTTP/1.1" 404 179
2026-07-20 06:59:28,741 [WARNING] django.server: "GET /media/team_logos/sepahan-logo_AqvyGY8.png HTTP/1.1" 404 179
2026-07-20 06:59:28,741 [WARNING] django.server: "GET /media/team_logos/sepahan-logo_AqvyGY8.png HTTP/1.1" 404 179
2026-07-20 06:59:28,778 [WARNING] django.server: "GET /static/img/lion-roar.png HTTP/1.1" 404 179
2026-07-20 06:59:28,778 [WARNING] django.server: "GET /static/img/lion-roar.png HTTP/1.1" 404 179
2026-07-20 06:59:29,030 [WARNING] django.server: "GET /static/js/script.js HTTP/1.1" 404 179
2026-07-20 06:59:29,030 [WARNING] django.server: "GET /static/js/script.js HTTP/1.1" 404 179
2026-07-20 06:59:31,041 [INFO] django.server: "GET /tickets/my-tickets/ HTTP/1.1" 200 266760
2026-07-20 06:59:31,041 [INFO] django.server: "GET /tickets/my-tickets/ HTTP/1.1" 200 266760
2026-07-20 06:59:31,093 [WARNING] django.server: "GET /static/img/sepahan-logo.png HTTP/1.1" 404 179
2026-07-20 06:59:31,093 [WARNING] django.server: "GET /static/img/sepahan-logo.png HTTP/1.1" 404 179
2026-07-20 06:59:31,094 [WARNING] django.server: "GET /static/js/script.js HTTP/1.1" 404 179
2026-07-20 06:59:31,094 [WARNING] django.server: "GET /static/js/script.js HTTP/1.1" 404 179
2026-07-20 06:59:31,094 [WARNING] django.server: "GET /static/css/style.css HTTP/1.1" 404 179
2026-07-20 06:59:31,094 [WARNING] django.server: "GET /static/css/style.css HTTP/1.1" 404 179
2026-07-20 06:59:31,119 [WARNING] django.server: "GET /static/js/script.js HTTP/1.1" 404 179
2026-07-20 06:59:31,119 [WARNING] django.server: "GET /static/js/script.js HTTP/1.1" 404 179
2026-07-20 06:59:34,679 [INFO] django.server: "GET /matches/ HTTP/1.1" 200 63945
2026-07-20 06:59:34,679 [INFO] django.server: "GET /matches/ HTTP/1.1" 200 63945
2026-07-20 06:59:34,786 [WARNING] django.server: "GET /static/css/style.css HTTP/1.1" 404 179
2026-07-20 06:59:34,786 [WARNING] django.server: "GET /static/css/style.css HTTP/1.1" 404 179
2026-07-20 06:59:34,798 [WARNING] django.server: "GET /media/team_logos/fc-persepolis-seeklogo_1m2k1d1.png HTTP/1.1" 404 179
2026-07-20 06:59:34,798 [WARNING] django.server: "GET /media/team_logos/fc-persepolis-seeklogo_1m2k1d1.png HTTP/1.1" 404 179
2026-07-20 06:59:34,800 [WARNING] django.server: "GET /static/img/sepahan-logo.png HTTP/1.1" 404 179
2026-07-20 06:59:34,800 [WARNING] django.server: "GET /static/img/sepahan-logo.png HTTP/1.1" 404 179
2026-07-20 06:59:34,803 [WARNING] django.server: "GET /media/team_logos/sepahan-logo_vQMfqRE.png HTTP/1.1" 404 179
2026-07-20 06:59:34,803 [WARNING] django.server: "GET /media/team_logos/sepahan-logo_vQMfqRE.png HTTP/1.1" 404 179
2026-07-20 06:59:34,806 [WARNING] django.server: "GET /media/team_logos/sepahan-logo_HyT5LEZ.png HTTP/1.1" 404 179
2026-07-20 06:59:34,806 [WARNING] django.server: "GET /media/team_logos/sepahan-logo_HyT5LEZ.png HTTP/1.1" 404 179
2026-07-20 06:59:34,806 [WARNING] django.server: "GET /media/team_logos/profile.webp HTTP/1.1" 404 179
2026-07-20 06:59:34,806 [WARNING] django.server: "GET /media/team_logos/profile.webp HTTP/1.1" 404 179
2026-07-20 06:59:34,818 [WARNING] django.server: "GET /static/js/script.js HTTP/1.1" 404 179
2026-07-20 06:59:34,818 [WARNING] django.server: "GET /static/js/script.js HTTP/1.1" 404 179
2026-07-20 06:59:34,830 [WARNING] django.server: "GET /media/team_logos/sepahan-logo_AqvyGY8.png HTTP/1.1" 404 179
2026-07-20 06:59:34,830 [WARNING] django.server: "GET /media/team_logos/sepahan-logo_AqvyGY8.png HTTP/1.1" 404 179
2026-07-20 06:59:34,833 [WARNING] django.server: "GET /media/team_logos/iran_tractor_1500x1500_0Lnfd4g.football-logos.cc.png HTTP/1.1" 404 179
2026-07-20 06:59:34,833 [WARNING] django.server: "GET /media/team_logos/iran_tractor_1500x1500_0Lnfd4g.football-logos.cc.png HTTP/1.1" 404 179
2026-07-20 06:59:34,839 [WARNING] django.server: "GET /static/img/lion-roar.png HTTP/1.1" 404 179
2026-07-20 06:59:34,839 [WARNING] django.server: "GET /static/img/lion-roar.png HTTP/1.1" 404 179
2026-07-20 06:59:35,242 [WARNING] django.server: "GET /static/js/script.js HTTP/1.1" 404 179
2026-07-20 06:59:35,242 [WARNING] django.server: "GET /static/js/script.js HTTP/1.1" 404 179
2026-07-20 07:00:15,423 [INFO] django.utils.autoreload: /home/kasra/Desktop/ticket.sepahansc/football_tickets/tickets/urls.py changed, reloading.
2026-07-20 07:00:15,423 [INFO] django.utils.autoreload: /home/kasra/Desktop/ticket.sepahansc/football_tickets/tickets/urls.py changed, reloading.
2026-07-20 07:00:16,054 [INFO] weasyprint.progress: Step 2 - Fetching and parsing CSS - CSS string
2026-07-20 07:00:16,088 [INFO] weasyprint.progress: Step 2 - Fetching and parsing CSS - CSS string
2026-07-20 07:00:16,095 [INFO] weasyprint.progress: Step 2 - Fetching and parsing CSS - CSS string
2026-07-20 07:00:16,225 [INFO] django.utils.autoreload: Watching for file changes with StatReloader
2026-07-20 07:00:16,225 [INFO] django.utils.autoreload: Watching for file changes with StatReloader
2026-07-20 07:00:28,901 [INFO] django.server: "GET /matches/select-floor/6/ HTTP/1.1" 200 36392
2026-07-20 07:00:28,901 [INFO] django.server: "GET /matches/select-floor/6/ HTTP/1.1" 200 36392
2026-07-20 07:00:28,959 [WARNING] django.server: "GET /static/css/style.css HTTP/1.1" 404 179
2026-07-20 07:00:28,959 [WARNING] django.server: "GET /static/css/style.css HTTP/1.1" 404 179
2026-07-20 07:00:28,962 [WARNING] django.server: "GET /static/img/sepahan-logo.png HTTP/1.1" 404 179
2026-07-20 07:00:28,962 [WARNING] django.server: "GET /static/img/sepahan-logo.png HTTP/1.1" 404 179
2026-07-20 07:00:28,971 [WARNING] django.server: "GET /static/js/script.js HTTP/1.1" 404 179
2026-07-20 07:00:28,971 [WARNING] django.server: "GET /static/js/script.js HTTP/1.1" 404 179
2026-07-20 07:00:29,717 [WARNING] django.server: "GET /static/js/script.js HTTP/1.1" 404 179
2026-07-20 07:00:29,717 [WARNING] django.server: "GET /static/js/script.js HTTP/1.1" 404 179
2026-07-20 07:00:29,905 [INFO] django.server: "POST /matches/select-floor/6/ HTTP/1.1" 302 0
2026-07-20 07:00:29,905 [INFO] django.server: "POST /matches/select-floor/6/ HTTP/1.1" 302 0
2026-07-20 07:00:30,085 [INFO] django.server: "GET /matches/select-block/6/ HTTP/1.1" 200 126801
2026-07-20 07:00:30,085 [INFO] django.server: "GET /matches/select-block/6/ HTTP/1.1" 200 126801
2026-07-20 07:00:30,135 [WARNING] django.server: "GET /static/css/style.css HTTP/1.1" 404 179
2026-07-20 07:00:30,135 [WARNING] django.server: "GET /static/css/style.css HTTP/1.1" 404 179
2026-07-20 07:00:30,140 [WARNING] django.server: "GET /static/img/sepahan-logo.png HTTP/1.1" 404 179
2026-07-20 07:00:30,140 [WARNING] django.server: "GET /static/img/sepahan-logo.png HTTP/1.1" 404 179
2026-07-20 07:00:30,141 [WARNING] django.server: "GET /static/img/staduim.png HTTP/1.1" 404 179
2026-07-20 07:00:30,141 [WARNING] django.server: "GET /static/img/staduim.png HTTP/1.1" 404 179
2026-07-20 07:00:30,141 [WARNING] django.server: "GET /media/team_logos/sepahan-logo_vQMfqRE.png HTTP/1.1" 404 179
2026-07-20 07:00:30,141 [WARNING] django.server: "GET /media/team_logos/sepahan-logo_vQMfqRE.png HTTP/1.1" 404 179
2026-07-20 07:00:30,158 [WARNING] django.server: "GET /media/team_logos/profile.webp HTTP/1.1" 404 179
2026-07-20 07:00:30,158 [WARNING] django.server: "GET /media/team_logos/profile.webp HTTP/1.1" 404 179
2026-07-20 07:00:30,160 [WARNING] django.server: "GET /static/js/script.js HTTP/1.1" 404 179
2026-07-20 07:00:30,160 [WARNING] django.server: "GET /static/js/script.js HTTP/1.1" 404 179
2026-07-20 07:00:30,229 [WARNING] django.server: "GET /media/stadium_images/photo_%DB%B2%DB%B0%DB%B1%DB%B9-%DB%B1%DB%B1-%DB%B2%DB%B8_%DB%B1%DB%B2-%DB%B4%DB%B8-%DB%B5%DB%B3.jpg HTTP/1.1" 404 179
2026-07-20 07:00:30,229 [WARNING] django.server: "GET /media/stadium_images/photo_%DB%B2%DB%B0%DB%B1%DB%B9-%DB%B1%DB%B1-%DB%B2%DB%B8_%DB%B1%DB%B2-%DB%B4%DB%B8-%DB%B5%DB%B3.jpg HTTP/1.1" 404 179
2026-07-20 07:00:30,654 [WARNING] django.server: "GET /static/js/script.js HTTP/1.1" 404 179
2026-07-20 07:00:30,654 [WARNING] django.server: "GET /static/js/script.js HTTP/1.1" 404 179
2026-07-20 07:00:32,180 [INFO] django.server: "POST /matches/select-block/6/ HTTP/1.1" 302 0
2026-07-20 07:00:32,180 [INFO] django.server: "POST /matches/select-block/6/ HTTP/1.1" 302 0
2026-07-20 07:00:32,633 [INFO] django.server: "GET /matches/match/6/block-map/ HTTP/1.1" 200 471738
2026-07-20 07:00:32,633 [INFO] django.server: "GET /matches/match/6/block-map/ HTTP/1.1" 200 471738
2026-07-20 07:00:32,685 [WARNING] django.server: "GET /static/css/style.css HTTP/1.1" 404 179
2026-07-20 07:00:32,685 [WARNING] django.server: "GET /static/css/style.css HTTP/1.1" 404 179
2026-07-20 07:00:32,688 [WARNING] django.server: "GET /static/img/sepahan-logo.png HTTP/1.1" 404 179
2026-07-20 07:00:32,688 [WARNING] django.server: "GET /static/img/sepahan-logo.png HTTP/1.1" 404 179
2026-07-20 07:00:32,689 [WARNING] django.server: "GET /static/js/script.js HTTP/1.1" 404 179
2026-07-20 07:00:32,689 [WARNING] django.server: "GET /static/js/script.js HTTP/1.1" 404 179
2026-07-20 07:00:32,714 [WARNING] django.server: "GET /static/js/script.js HTTP/1.1" 404 179
2026-07-20 07:00:32,714 [WARNING] django.server: "GET /static/js/script.js HTTP/1.1" 404 179
2026-07-20 07:00:33,305 [INFO] django.server: "GET /matches/get-seats-status/6/?row_id=298 HTTP/1.1" 200 2972
2026-07-20 07:00:33,305 [INFO] django.server: "GET /matches/get-seats-status/6/?row_id=298 HTTP/1.1" 200 2972
2026-07-20 07:00:35,925 [INFO] django.server: "POST /tickets/reserve/6/ HTTP/1.1" 302 0
2026-07-20 07:00:35,925 [INFO] django.server: "POST /tickets/reserve/6/ HTTP/1.1" 302 0
2026-07-20 07:00:35,947 [INFO] django.server: "GET /tickets/ticket-info/6/ HTTP/1.1" 200 63979
2026-07-20 07:00:35,947 [INFO] django.server: "GET /tickets/ticket-info/6/ HTTP/1.1" 200 63979
2026-07-20 07:00:36,040 [WARNING] django.server: "GET /static/css/style.css HTTP/1.1" 404 179
2026-07-20 07:00:36,040 [WARNING] django.server: "GET /static/css/style.css HTTP/1.1" 404 179
2026-07-20 07:00:36,043 [WARNING] django.server: "GET /static/js/script.js HTTP/1.1" 404 179
2026-07-20 07:00:36,043 [WARNING] django.server: "GET /static/js/script.js HTTP/1.1" 404 179
2026-07-20 07:00:36,044 [WARNING] django.server: "GET /static/img/sepahan-logo.png HTTP/1.1" 404 179
2026-07-20 07:00:36,044 [WARNING] django.server: "GET /static/img/sepahan-logo.png HTTP/1.1" 404 179
2026-07-20 07:00:36,359 [WARNING] django.server: "GET /static/js/script.js HTTP/1.1" 404 179
2026-07-20 07:00:36,359 [WARNING] django.server: "GET /static/js/script.js HTTP/1.1" 404 179
2026-07-20 07:00:59,005 [ERROR] django.request: Internal Server Error: /tickets/inquiry-fan/
2026-07-20 07:00:59,005 [ERROR] django.server: "POST /tickets/inquiry-fan/ HTTP/1.1" 500 191
2026-07-20 07:00:59,005 [ERROR] django.server: "POST /tickets/inquiry-fan/ HTTP/1.1" 500 191
2026-07-20 07:04:51,121 [INFO] django.server: "GET /tickets/ticket-info/6/ HTTP/1.1" 200 64047
2026-07-20 07:04:51,121 [INFO] django.server: "GET /tickets/ticket-info/6/ HTTP/1.1" 200 64047
2026-07-20 07:04:51,121 [INFO] django.server: "POST /tickets/release-reservation/ HTTP/1.1" 200 51
2026-07-20 07:04:51,121 [INFO] django.server: "POST /tickets/release-reservation/ HTTP/1.1" 200 51
2026-07-20 07:04:51,179 [WARNING] django.server: "GET /static/css/style.css HTTP/1.1" 404 179
2026-07-20 07:04:51,179 [WARNING] django.server: "GET /static/css/style.css HTTP/1.1" 404 179
2026-07-20 07:04:51,180 [WARNING] django.server: "GET /static/img/sepahan-logo.png HTTP/1.1" 404 179
2026-07-20 07:04:51,180 [WARNING] django.server: "GET /static/img/sepahan-logo.png HTTP/1.1" 404 179
2026-07-20 07:04:52,547 [WARNING] django.server: "GET /static/js/script.js HTTP/1.1" 404 179
2026-07-20 07:04:52,547 [WARNING] django.server: "GET /static/js/script.js HTTP/1.1" 404 179
2026-07-20 07:04:52,566 [WARNING] django.server: "GET /static/js/script.js HTTP/1.1" 404 179
2026-07-20 07:04:52,566 [WARNING] django.server: "GET /static/js/script.js HTTP/1.1" 404 179
2026-07-20 07:04:53,791 [WARNING] django.server: "GET /static/img/sepahan-logo.png HTTP/1.1" 404 179
2026-07-20 07:04:53,791 [WARNING] django.server: "GET /static/img/sepahan-logo.png HTTP/1.1" 404 179
2026-07-20 07:05:10,499 [ERROR] django.request: Internal Server Error: /tickets/inquiry-fan/
2026-07-20 07:05:10,500 [ERROR] django.server: "POST /tickets/inquiry-fan/ HTTP/1.1" 500 191
2026-07-20 07:05:10,500 [ERROR] django.server: "POST /tickets/inquiry-fan/ HTTP/1.1" 500 191
2026-07-20 07:23:46,314 [INFO] django.utils.autoreload: /home/kasra/Desktop/ticket.sepahansc/football_tickets/tickets/views.py changed, reloading.
2026-07-20 07:23:46,314 [INFO] django.utils.autoreload: /home/kasra/Desktop/ticket.sepahansc/football_tickets/tickets/views.py changed, reloading.
2026-07-20 07:23:47,356 [INFO] weasyprint.progress: Step 2 - Fetching and parsing CSS - CSS string
2026-07-20 07:23:47,412 [INFO] weasyprint.progress: Step 2 - Fetching and parsing CSS - CSS string
2026-07-20 07:23:47,421 [INFO] weasyprint.progress: Step 2 - Fetching and parsing CSS - CSS string
2026-07-20 07:23:47,637 [INFO] django.utils.autoreload: Watching for file changes with StatReloader
2026-07-20 07:23:47,637 [INFO] django.utils.autoreload: Watching for file changes with StatReloader
2026-07-20 07:23:59,249 [INFO] django.utils.autoreload: /home/kasra/Desktop/ticket.sepahansc/football_tickets/tickets/views.py changed, reloading.
2026-07-20 07:23:59,249 [INFO] django.utils.autoreload: /home/kasra/Desktop/ticket.sepahansc/football_tickets/tickets/views.py changed, reloading.
2026-07-20 07:24:00,366 [INFO] weasyprint.progress: Step 2 - Fetching and parsing CSS - CSS string
2026-07-20 07:24:00,423 [INFO] weasyprint.progress: Step 2 - Fetching and parsing CSS - CSS string
2026-07-20 07:24:00,429 [INFO] weasyprint.progress: Step 2 - Fetching and parsing CSS - CSS string
2026-07-20 07:24:00,672 [INFO] django.utils.autoreload: Watching for file changes with StatReloader
2026-07-20 07:24:00,672 [INFO] django.utils.autoreload: Watching for file changes with StatReloader
2026-07-20 07:24:57,986 [INFO] django.utils.autoreload: /home/kasra/Desktop/ticket.sepahansc/football_tickets/tickets/views.py changed, reloading.
2026-07-20 07:24:57,986 [INFO] django.utils.autoreload: /home/kasra/Desktop/ticket.sepahansc/football_tickets/tickets/views.py changed, reloading.
2026-07-20 07:24:59,139 [INFO] weasyprint.progress: Step 2 - Fetching and parsing CSS - CSS string
2026-07-20 07:24:59,197 [INFO] weasyprint.progress: Step 2 - Fetching and parsing CSS - CSS string
2026-07-20 07:24:59,210 [INFO] weasyprint.progress: Step 2 - Fetching and parsing CSS - CSS string
2026-07-20 07:24:59,446 [INFO] django.utils.autoreload: Watching for file changes with StatReloader
2026-07-20 07:24:59,446 [INFO] django.utils.autoreload: Watching for file changes with StatReloader
2026-07-20 07:25:09,047 [INFO] django.utils.autoreload: /home/kasra/Desktop/ticket.sepahansc/football_tickets/tickets/views.py changed, reloading.
2026-07-20 07:25:09,047 [INFO] django.utils.autoreload: /home/kasra/Desktop/ticket.sepahansc/football_tickets/tickets/views.py changed, reloading.
2026-07-20 07:25:10,140 [INFO] weasyprint.progress: Step 2 - Fetching and parsing CSS - CSS string
2026-07-20 07:25:10,219 [INFO] weasyprint.progress: Step 2 - Fetching and parsing CSS - CSS string
2026-07-20 07:25:10,229 [INFO] weasyprint.progress: Step 2 - Fetching and parsing CSS - CSS string
2026-07-20 07:25:10,498 [INFO] django.utils.autoreload: Watching for file changes with StatReloader
2026-07-20 07:25:10,498 [INFO] django.utils.autoreload: Watching for file changes with StatReloader
2026-07-20 07:28:24,182 [INFO] django.utils.autoreload: /home/kasra/Desktop/ticket.sepahansc/football_tickets/tickets/views.py changed, reloading.
2026-07-20 07:28:24,182 [INFO] django.utils.autoreload: /home/kasra/Desktop/ticket.sepahansc/football_tickets/tickets/views.py changed, reloading.
2026-07-20 07:28:25,051 [INFO] weasyprint.progress: Step 2 - Fetching and parsing CSS - CSS string
2026-07-20 07:28:25,104 [INFO] weasyprint.progress: Step 2 - Fetching and parsing CSS - CSS string
2026-07-20 07:28:25,113 [INFO] weasyprint.progress: Step 2 - Fetching and parsing CSS - CSS string
2026-07-20 07:28:25,330 [INFO] django.utils.autoreload: Watching for file changes with StatReloader
2026-07-20 07:28:25,330 [INFO] django.utils.autoreload: Watching for file changes with StatReloader
2026-07-20 07:28:30,998 [INFO] weasyprint.progress: Step 2 - Fetching and parsing CSS - CSS string
2026-07-20 07:28:31,050 [INFO] weasyprint.progress: Step 2 - Fetching and parsing CSS - CSS string
2026-07-20 07:28:31,058 [INFO] weasyprint.progress: Step 2 - Fetching and parsing CSS - CSS string
2026-07-20 07:28:32,076 [INFO] weasyprint.progress: Step 2 - Fetching and parsing CSS - CSS string
2026-07-20 07:28:32,117 [INFO] weasyprint.progress: Step 2 - Fetching and parsing CSS - CSS string
2026-07-20 07:28:32,125 [INFO] weasyprint.progress: Step 2 - Fetching and parsing CSS - CSS string
2026-07-20 07:28:32,282 [INFO] django.utils.autoreload: Watching for file changes with StatReloader
2026-07-20 07:28:32,282 [INFO] django.utils.autoreload: Watching for file changes with StatReloader
2026-07-20 07:28:35,206 [INFO] django.server: "POST /tickets/release-reservation/ HTTP/1.1" 200 52
2026-07-20 07:28:35,206 [INFO] django.server: "POST /tickets/release-reservation/ HTTP/1.1" 200 52
2026-07-20 07:28:35,311 [INFO] django.server: "GET /matches/ HTTP/1.1" 200 63945
2026-07-20 07:28:35,311 [INFO] django.server: "GET /matches/ HTTP/1.1" 200 63945
2026-07-20 07:28:35,510 [WARNING] django.server: "GET /static/css/style.css HTTP/1.1" 404 179
2026-07-20 07:28:35,510 [WARNING] django.server: "GET /static/css/style.css HTTP/1.1" 404 179
2026-07-20 07:28:35,514 [WARNING] django.server: "GET /media/team_logos/profile.webp HTTP/1.1" 404 179
2026-07-20 07:28:35,514 [WARNING] django.server: "GET /media/team_logos/profile.webp HTTP/1.1" 404 179
2026-07-20 07:28:35,515 [WARNING] django.server: "GET /media/team_logos/sepahan-logo_HyT5LEZ.png HTTP/1.1" 404 179
2026-07-20 07:28:35,515 [WARNING] django.server: "GET /media/team_logos/sepahan-logo_HyT5LEZ.png HTTP/1.1" 404 179
2026-07-20 07:28:35,516 [WARNING] django.server: "GET /media/team_logos/fc-persepolis-seeklogo_1m2k1d1.png HTTP/1.1" 404 179
2026-07-20 07:28:35,516 [WARNING] django.server: "GET /media/team_logos/fc-persepolis-seeklogo_1m2k1d1.png HTTP/1.1" 404 179
2026-07-20 07:28:35,520 [WARNING] django.server: "GET /static/img/sepahan-logo.png HTTP/1.1" 404 179
2026-07-20 07:28:35,520 [WARNING] django.server: "GET /static/img/sepahan-logo.png HTTP/1.1" 404 179
2026-07-20 07:28:35,525 [WARNING] django.server: "GET /media/team_logos/sepahan-logo_vQMfqRE.png HTTP/1.1" 404 179
2026-07-20 07:28:35,525 [WARNING] django.server: "GET /media/team_logos/sepahan-logo_vQMfqRE.png HTTP/1.1" 404 179
2026-07-20 07:28:35,545 [WARNING] django.server: "GET /static/js/script.js HTTP/1.1" 404 179
2026-07-20 07:28:35,545 [WARNING] django.server: "GET /static/js/script.js HTTP/1.1" 404 179
2026-07-20 07:28:35,551 [WARNING] django.server: "GET /media/team_logos/sepahan-logo_AqvyGY8.png HTTP/1.1" 404 179
2026-07-20 07:28:35,551 [WARNING] django.server: "GET /media/team_logos/sepahan-logo_AqvyGY8.png HTTP/1.1" 404 179
2026-07-20 07:28:35,552 [WARNING] django.server: "GET /media/team_logos/iran_tractor_1500x1500_0Lnfd4g.football-logos.cc.png HTTP/1.1" 404 179
2026-07-20 07:28:35,552 [WARNING] django.server: "GET /media/team_logos/iran_tractor_1500x1500_0Lnfd4g.football-logos.cc.png HTTP/1.1" 404 179
2026-07-20 07:28:35,696 [WARNING] django.server: "GET /static/js/script.js HTTP/1.1" 404 179
2026-07-20 07:28:35,696 [WARNING] django.server: "GET /static/js/script.js HTTP/1.1" 404 179
2026-07-20 07:28:35,737 [WARNING] django.server: "GET /static/img/lion-roar.png HTTP/1.1" 404 179
2026-07-20 07:28:35,737 [WARNING] django.server: "GET /static/img/lion-roar.png HTTP/1.1" 404 179
2026-07-20 07:28:35,976 [WARNING] django.server: "GET /static/img/sepahan-logo.png HTTP/1.1" 404 179
2026-07-20 07:28:35,976 [WARNING] django.server: "GET /static/img/sepahan-logo.png HTTP/1.1" 404 179
2026-07-20 07:28:38,600 [INFO] django.server: "GET /matches/select-floor/5/ HTTP/1.1" 200 36434
2026-07-20 07:28:38,600 [INFO] django.server: "GET /matches/select-floor/5/ HTTP/1.1" 200 36434
2026-07-20 07:28:38,681 [WARNING] django.server: "GET /static/css/style.css HTTP/1.1" 404 179
2026-07-20 07:28:38,681 [WARNING] django.server: "GET /static/css/style.css HTTP/1.1" 404 179
2026-07-20 07:28:38,688 [WARNING] django.server: "GET /static/img/sepahan-logo.png HTTP/1.1" 404 179
2026-07-20 07:28:38,688 [WARNING] django.server: "GET /static/img/sepahan-logo.png HTTP/1.1" 404 179
2026-07-20 07:28:38,693 [WARNING] django.server: "GET /static/js/script.js HTTP/1.1" 404 179
2026-07-20 07:28:38,693 [WARNING] django.server: "GET /static/js/script.js HTTP/1.1" 404 179
2026-07-20 07:28:39,489 [WARNING] django.server: "GET /static/js/script.js HTTP/1.1" 404 179
2026-07-20 07:28:39,489 [WARNING] django.server: "GET /static/js/script.js HTTP/1.1" 404 179
2026-07-20 07:28:39,664 [INFO] django.server: "POST /matches/select-floor/5/ HTTP/1.1" 302 0
2026-07-20 07:28:39,664 [INFO] django.server: "POST /matches/select-floor/5/ HTTP/1.1" 302 0
2026-07-20 07:28:40,075 [INFO] django.server: "GET /matches/select-block/5/ HTTP/1.1" 200 126867
2026-07-20 07:28:40,075 [INFO] django.server: "GET /matches/select-block/5/ HTTP/1.1" 200 126867
2026-07-20 07:28:40,147 [WARNING] django.server: "GET /static/css/style.css HTTP/1.1" 404 179
2026-07-20 07:28:40,147 [WARNING] django.server: "GET /static/css/style.css HTTP/1.1" 404 179
2026-07-20 07:28:40,154 [WARNING] django.server: "GET /static/img/staduim.png HTTP/1.1" 404 179
2026-07-20 07:28:40,154 [WARNING] django.server: "GET /static/img/staduim.png HTTP/1.1" 404 179
2026-07-20 07:28:40,158 [WARNING] django.server: "GET /static/img/sepahan-logo.png HTTP/1.1" 404 179
2026-07-20 07:28:40,158 [WARNING] django.server: "GET /static/img/sepahan-logo.png HTTP/1.1" 404 179
2026-07-20 07:28:40,155 [WARNING] django.server: "GET /static/js/script.js HTTP/1.1" 404 179
2026-07-20 07:28:40,155 [WARNING] django.server: "GET /static/js/script.js HTTP/1.1" 404 179
2026-07-20 07:28:40,161 [WARNING] django.server: "GET /media/team_logos/fc-persepolis-seeklogo_1m2k1d1.png HTTP/1.1" 404 179
2026-07-20 07:28:40,161 [WARNING] django.server: "GET /media/team_logos/fc-persepolis-seeklogo_1m2k1d1.png HTTP/1.1" 404 179
2026-07-20 07:28:40,161 [WARNING] django.server: "GET /media/team_logos/sepahan-logo_HyT5LEZ.png HTTP/1.1" 404 179
2026-07-20 07:28:40,161 [WARNING] django.server: "GET /media/team_logos/sepahan-logo_HyT5LEZ.png HTTP/1.1" 404 179
2026-07-20 07:28:40,265 [WARNING] django.server: "GET /media/stadium_images/photo_%DB%B2%DB%B0%DB%B1%DB%B9-%DB%B1%DB%B1-%DB%B2%DB%B8_%DB%B1%DB%B2-%DB%B4%DB%B8-%DB%B5%DB%B3.jpg HTTP/1.1" 404 179
2026-07-20 07:28:40,265 [WARNING] django.server: "GET /media/stadium_images/photo_%DB%B2%DB%B0%DB%B1%DB%B9-%DB%B1%DB%B1-%DB%B2%DB%B8_%DB%B1%DB%B2-%DB%B4%DB%B8-%DB%B5%DB%B3.jpg HTTP/1.1" 404 179
2026-07-20 07:28:40,752 [WARNING] django.server: "GET /static/js/script.js HTTP/1.1" 404 179
2026-07-20 07:28:40,752 [WARNING] django.server: "GET /static/js/script.js HTTP/1.1" 404 179
2026-07-20 07:28:42,449 [INFO] django.server: "POST /matches/select-block/5/ HTTP/1.1" 302 0
2026-07-20 07:28:42,449 [INFO] django.server: "POST /matches/select-block/5/ HTTP/1.1" 302 0
2026-07-20 07:28:42,984 [INFO] django.server: "GET /matches/match/5/block-map/ HTTP/1.1" 200 392421
2026-07-20 07:28:42,984 [INFO] django.server: "GET /matches/match/5/block-map/ HTTP/1.1" 200 392421
2026-07-20 07:28:43,063 [WARNING] django.server: "GET /static/css/style.css HTTP/1.1" 404 179
2026-07-20 07:28:43,063 [WARNING] django.server: "GET /static/css/style.css HTTP/1.1" 404 179
2026-07-20 07:28:43,063 [WARNING] django.server: "GET /static/js/script.js HTTP/1.1" 404 179
2026-07-20 07:28:43,063 [WARNING] django.server: "GET /static/js/script.js HTTP/1.1" 404 179
2026-07-20 07:28:43,068 [WARNING] django.server: "GET /static/img/sepahan-logo.png HTTP/1.1" 404 179
2026-07-20 07:28:43,068 [WARNING] django.server: "GET /static/img/sepahan-logo.png HTTP/1.1" 404 179
2026-07-20 07:28:43,259 [WARNING] django.server: "GET /static/js/script.js HTTP/1.1" 404 179
2026-07-20 07:28:43,259 [WARNING] django.server: "GET /static/js/script.js HTTP/1.1" 404 179
2026-07-20 07:28:43,780 [INFO] django.server: "GET /matches/get-seats-status/5/?row_id=67 HTTP/1.1" 200 2778
2026-07-20 07:28:43,780 [INFO] django.server: "GET /matches/get-seats-status/5/?row_id=67 HTTP/1.1" 200 2778
2026-07-20 07:28:47,582 [INFO] django.server: "POST /tickets/reserve/5/ HTTP/1.1" 302 0
2026-07-20 07:28:47,582 [INFO] django.server: "POST /tickets/reserve/5/ HTTP/1.1" 302 0
2026-07-20 07:28:47,635 [INFO] django.server: "GET /tickets/ticket-info/5/ HTTP/1.1" 200 63163
2026-07-20 07:28:47,635 [INFO] django.server: "GET /tickets/ticket-info/5/ HTTP/1.1" 200 63163
2026-07-20 07:28:47,745 [WARNING] django.server: "GET /static/css/style.css HTTP/1.1" 404 179
2026-07-20 07:28:47,745 [WARNING] django.server: "GET /static/css/style.css HTTP/1.1" 404 179
2026-07-20 07:28:47,745 [WARNING] django.server: "GET /static/img/sepahan-logo.png HTTP/1.1" 404 179
2026-07-20 07:28:47,745 [WARNING] django.server: "GET /static/img/sepahan-logo.png HTTP/1.1" 404 179
2026-07-20 07:28:47,748 [WARNING] django.server: "GET /static/js/script.js HTTP/1.1" 404 179
2026-07-20 07:28:47,748 [WARNING] django.server: "GET /static/js/script.js HTTP/1.1" 404 179
2026-07-20 07:28:47,843 [WARNING] django.server: "GET /static/js/script.js HTTP/1.1" 404 179
2026-07-20 07:28:47,843 [WARNING] django.server: "GET /static/js/script.js HTTP/1.1" 404 179
2026-07-20 07:29:33,096 [INFO] django.server: "POST /tickets/inquiry-fan/ HTTP/1.1" 200 61
2026-07-20 07:29:33,096 [INFO] django.server: "POST /tickets/inquiry-fan/ HTTP/1.1" 200 61
2026-07-20 07:37:54,450 [ERROR] django.request: Internal Server Error: /tickets/inquiry-fan/
2026-07-20 07:37:54,450 [ERROR] django.server: "POST /tickets/inquiry-fan/ HTTP/1.1" 500 192
2026-07-20 07:37:54,450 [ERROR] django.server: "POST /tickets/inquiry-fan/ HTTP/1.1" 500 192
2026-07-20 07:37:59,013 [INFO] django.server: "POST /tickets/release-reservation/ HTTP/1.1" 200 51
2026-07-20 07:37:59,013 [INFO] django.server: "POST /tickets/release-reservation/ HTTP/1.1" 200 51
2026-07-20 07:38:12,344 [INFO] django.server: "GET / HTTP/1.1" 200 63945
2026-07-20 07:38:12,344 [INFO] django.server: "GET / HTTP/1.1" 200 63945
2026-07-20 07:38:12,410 [WARNING] django.server: "GET /static/css/style.css HTTP/1.1" 404 179
2026-07-20 07:38:12,410 [WARNING] django.server: "GET /static/css/style.css HTTP/1.1" 404 179
2026-07-20 07:38:12,416 [WARNING] django.server: "GET /media/team_logos/sepahan-logo_vQMfqRE.png HTTP/1.1" 404 179
2026-07-20 07:38:12,416 [WARNING] django.server: "GET /media/team_logos/sepahan-logo_vQMfqRE.png HTTP/1.1" 404 179
2026-07-20 07:38:12,417 [WARNING] django.server: "GET /static/img/sepahan-logo.png HTTP/1.1" 404 179
2026-07-20 07:38:12,417 [WARNING] django.server: "GET /static/img/sepahan-logo.png HTTP/1.1" 404 179
2026-07-20 07:38:12,433 [WARNING] django.server: "GET /media/team_logos/profile.webp HTTP/1.1" 404 179
2026-07-20 07:38:12,433 [WARNING] django.server: "GET /media/team_logos/profile.webp HTTP/1.1" 404 179
2026-07-20 07:38:12,440 [WARNING] django.server: "GET /media/team_logos/sepahan-logo_HyT5LEZ.png HTTP/1.1" 404 179
2026-07-20 07:38:12,440 [WARNING] django.server: "GET /media/team_logos/sepahan-logo_HyT5LEZ.png HTTP/1.1" 404 179
2026-07-20 07:38:12,444 [WARNING] django.server: "GET /media/team_logos/fc-persepolis-seeklogo_1m2k1d1.png HTTP/1.1" 404 179
2026-07-20 07:38:12,444 [WARNING] django.server: "GET /media/team_logos/fc-persepolis-seeklogo_1m2k1d1.png HTTP/1.1" 404 179
2026-07-20 07:38:12,507 [WARNING] django.server: "GET /static/js/script.js HTTP/1.1" 404 179
2026-07-20 07:38:12,507 [WARNING] django.server: "GET /static/js/script.js HTTP/1.1" 404 179
2026-07-20 07:38:12,508 [WARNING] django.server: "GET /media/team_logos/sepahan-logo_AqvyGY8.png HTTP/1.1" 404 179
2026-07-20 07:38:12,508 [WARNING] django.server: "GET /media/team_logos/sepahan-logo_AqvyGY8.png HTTP/1.1" 404 179
2026-07-20 07:38:12,512 [WARNING] django.server: "GET /media/team_logos/iran_tractor_1500x1500_0Lnfd4g.football-logos.cc.png HTTP/1.1" 404 179
2026-07-20 07:38:12,512 [WARNING] django.server: "GET /media/team_logos/iran_tractor_1500x1500_0Lnfd4g.football-logos.cc.png HTTP/1.1" 404 179
2026-07-20 07:38:13,397 [WARNING] django.server: "GET /static/img/lion-roar.png HTTP/1.1" 404 179
2026-07-20 07:38:13,397 [WARNING] django.server: "GET /static/img/lion-roar.png HTTP/1.1" 404 179
2026-07-20 07:38:26,577 [INFO] django.server: "GET /matches/select-floor/6/ HTTP/1.1" 200 36392
2026-07-20 07:38:26,577 [INFO] django.server: "GET /matches/select-floor/6/ HTTP/1.1" 200 36392
2026-07-20 07:38:26,672 [WARNING] django.server: "GET /static/css/style.css HTTP/1.1" 404 179
2026-07-20 07:38:26,672 [WARNING] django.server: "GET /static/css/style.css HTTP/1.1" 404 179
2026-07-20 07:38:26,683 [WARNING] django.server: "GET /static/js/script.js HTTP/1.1" 404 179
2026-07-20 07:38:26,683 [WARNING] django.server: "GET /static/js/script.js HTTP/1.1" 404 179
2026-07-20 07:38:26,686 [WARNING] django.server: "GET /static/img/sepahan-logo.png HTTP/1.1" 404 179
2026-07-20 07:38:26,686 [WARNING] django.server: "GET /static/img/sepahan-logo.png HTTP/1.1" 404 179
2026-07-20 07:38:26,750 [WARNING] django.server: "GET /static/js/script.js HTTP/1.1" 404 179
2026-07-20 07:38:26,750 [WARNING] django.server: "GET /static/js/script.js HTTP/1.1" 404 179
2026-07-20 07:38:27,653 [INFO] django.server: "POST /matches/select-floor/6/ HTTP/1.1" 302 0
2026-07-20 07:38:27,653 [INFO] django.server: "POST /matches/select-floor/6/ HTTP/1.1" 302 0
2026-07-20 07:38:27,992 [INFO] django.server: "GET /matches/select-block/6/ HTTP/1.1" 200 126801
2026-07-20 07:38:27,992 [INFO] django.server: "GET /matches/select-block/6/ HTTP/1.1" 200 126801
2026-07-20 07:38:28,087 [WARNING] django.server: "GET /static/css/style.css HTTP/1.1" 404 179
2026-07-20 07:38:28,087 [WARNING] django.server: "GET /static/css/style.css HTTP/1.1" 404 179
2026-07-20 07:38:28,093 [WARNING] django.server: "GET /static/img/staduim.png HTTP/1.1" 404 179
2026-07-20 07:38:28,093 [WARNING] django.server: "GET /static/img/staduim.png HTTP/1.1" 404 179
2026-07-20 07:38:28,106 [WARNING] django.server: "GET /static/img/sepahan-logo.png HTTP/1.1" 404 179
2026-07-20 07:38:28,106 [WARNING] django.server: "GET /static/img/sepahan-logo.png HTTP/1.1" 404 179
2026-07-20 07:38:28,107 [WARNING] django.server: "GET /media/team_logos/sepahan-logo_vQMfqRE.png HTTP/1.1" 404 179
2026-07-20 07:38:28,107 [WARNING] django.server: "GET /media/team_logos/sepahan-logo_vQMfqRE.png HTTP/1.1" 404 179
2026-07-20 07:38:28,114 [WARNING] django.server: "GET /static/js/script.js HTTP/1.1" 404 179
2026-07-20 07:38:28,114 [WARNING] django.server: "GET /static/js/script.js HTTP/1.1" 404 179
2026-07-20 07:38:28,114 [WARNING] django.server: "GET /media/team_logos/profile.webp HTTP/1.1" 404 179
2026-07-20 07:38:28,114 [WARNING] django.server: "GET /media/team_logos/profile.webp HTTP/1.1" 404 179
2026-07-20 07:38:28,153 [WARNING] django.server: "GET /static/js/script.js HTTP/1.1" 404 179
2026-07-20 07:38:28,153 [WARNING] django.server: "GET /static/js/script.js HTTP/1.1" 404 179
2026-07-20 07:38:28,188 [WARNING] django.server: "GET /media/stadium_images/photo_%DB%B2%DB%B0%DB%B1%DB%B9-%DB%B1%DB%B1-%DB%B2%DB%B8_%DB%B1%DB%B2-%DB%B4%DB%B8-%DB%B5%DB%B3.jpg HTTP/1.1" 404 179
2026-07-20 07:38:28,188 [WARNING] django.server: "GET /media/stadium_images/photo_%DB%B2%DB%B0%DB%B1%DB%B9-%DB%B1%DB%B1-%DB%B2%DB%B8_%DB%B1%DB%B2-%DB%B4%DB%B8-%DB%B5%DB%B3.jpg HTTP/1.1" 404 179
2026-07-20 07:38:30,238 [INFO] django.server: "POST /matches/select-block/6/ HTTP/1.1" 302 0
2026-07-20 07:38:30,238 [INFO] django.server: "POST /matches/select-block/6/ HTTP/1.1" 302 0
2026-07-20 07:38:30,972 [INFO] django.server: "GET /matches/match/6/block-map/ HTTP/1.1" 200 478354
2026-07-20 07:38:30,972 [INFO] django.server: "GET /matches/match/6/block-map/ HTTP/1.1" 200 478354
2026-07-20 07:38:31,063 [WARNING] django.server: "GET /static/css/style.css HTTP/1.1" 404 179
2026-07-20 07:38:31,063 [WARNING] django.server: "GET /static/css/style.css HTTP/1.1" 404 179
2026-07-20 07:38:31,066 [WARNING] django.server: "GET /static/img/sepahan-logo.png HTTP/1.1" 404 179
2026-07-20 07:38:31,066 [WARNING] django.server: "GET /static/img/sepahan-logo.png HTTP/1.1" 404 179
2026-07-20 07:38:31,070 [WARNING] django.server: "GET /static/js/script.js HTTP/1.1" 404 179
2026-07-20 07:38:31,070 [WARNING] django.server: "GET /static/js/script.js HTTP/1.1" 404 179
2026-07-20 07:38:31,097 [WARNING] django.server: "GET /static/js/script.js HTTP/1.1" 404 179
2026-07-20 07:38:31,097 [WARNING] django.server: "GET /static/js/script.js HTTP/1.1" 404 179
2026-07-20 07:38:31,713 [INFO] django.server: "GET /matches/get-seats-status/6/?row_id=496 HTTP/1.1" 200 2972
2026-07-20 07:38:31,713 [INFO] django.server: "GET /matches/get-seats-status/6/?row_id=496 HTTP/1.1" 200 2972
2026-07-20 07:38:36,216 [INFO] django.server: "GET /matches/get-seats-status/6/?row_id=496 HTTP/1.1" 200 2972
2026-07-20 07:38:36,216 [INFO] django.server: "GET /matches/get-seats-status/6/?row_id=496 HTTP/1.1" 200 2972
2026-07-20 07:38:39,372 [INFO] django.server: "POST /tickets/reserve/6/ HTTP/1.1" 302 0
2026-07-20 07:38:39,372 [INFO] django.server: "POST /tickets/reserve/6/ HTTP/1.1" 302 0
2026-07-20 07:38:39,411 [INFO] django.server: "GET /tickets/ticket-info/6/ HTTP/1.1" 200 63134
2026-07-20 07:38:39,411 [INFO] django.server: "GET /tickets/ticket-info/6/ HTTP/1.1" 200 63134
2026-07-20 07:38:39,542 [WARNING] django.server: "GET /static/css/style.css HTTP/1.1" 404 179
2026-07-20 07:38:39,542 [WARNING] django.server: "GET /static/css/style.css HTTP/1.1" 404 179
2026-07-20 07:38:39,552 [WARNING] django.server: "GET /static/img/sepahan-logo.png HTTP/1.1" 404 179
2026-07-20 07:38:39,552 [WARNING] django.server: "GET /static/img/sepahan-logo.png HTTP/1.1" 404 179
2026-07-20 07:38:39,557 [WARNING] django.server: "GET /static/js/script.js HTTP/1.1" 404 179
2026-07-20 07:38:39,557 [WARNING] django.server: "GET /static/js/script.js HTTP/1.1" 404 179
2026-07-20 07:38:39,641 [WARNING] django.server: "GET /static/js/script.js HTTP/1.1" 404 179
2026-07-20 07:38:39,641 [WARNING] django.server: "GET /static/js/script.js HTTP/1.1" 404 179
2026-07-20 07:39:15,958 [ERROR] django.request: Internal Server Error: /tickets/inquiry-fan/
2026-07-20 07:39:15,959 [ERROR] django.server: "POST /tickets/inquiry-fan/ HTTP/1.1" 500 192
2026-07-20 07:39:15,959 [ERROR] django.server: "POST /tickets/inquiry-fan/ HTTP/1.1" 500 192
2026-07-20 07:39:31,337 [INFO] django.server: "POST /tickets/inquiry-fan/ HTTP/1.1" 200 61
2026-07-20 07:39:31,337 [INFO] django.server: "POST /tickets/inquiry-fan/ HTTP/1.1" 200 61
2026-07-20 07:43:10,364 [INFO] django.server: "POST /tickets/release-reservation/ HTTP/1.1" 200 51
2026-07-20 07:43:10,364 [INFO] django.server: "POST /tickets/release-reservation/ HTTP/1.1" 200 51
2026-07-20 07:43:10,388 [INFO] django.server: "GET /tickets/ticket-info/6/ HTTP/1.1" 200 60027
2026-07-20 07:43:10,388 [INFO] django.server: "GET /tickets/ticket-info/6/ HTTP/1.1" 200 60027
2026-07-20 07:43:10,529 [WARNING] django.server: "GET /static/css/style.css HTTP/1.1" 404 179
2026-07-20 07:43:10,529 [WARNING] django.server: "GET /static/css/style.css HTTP/1.1" 404 179
2026-07-20 07:43:10,539 [WARNING] django.server: "GET /static/img/sepahan-logo.png HTTP/1.1" 404 179
2026-07-20 07:43:10,539 [WARNING] django.server: "GET /static/img/sepahan-logo.png HTTP/1.1" 404 179
2026-07-20 07:43:10,546 [WARNING] django.server: "GET /static/js/script.js HTTP/1.1" 404 179
2026-07-20 07:43:10,546 [WARNING] django.server: "GET /static/js/script.js HTTP/1.1" 404 179
2026-07-20 07:43:11,250 [WARNING] django.server: "GET /static/js/script.js HTTP/1.1" 404 179
2026-07-20 07:43:11,250 [WARNING] django.server: "GET /static/js/script.js HTTP/1.1" 404 179
2026-07-20 07:43:23,054 [WARNING] django.server: "GET /static/css/style.css HTTP/1.1" 404 179
2026-07-20 07:43:23,054 [WARNING] django.server: "GET /static/css/style.css HTTP/1.1" 404 179
2026-07-20 07:43:23,077 [WARNING] django.server: "GET /.well-known/appspecific/com.chrome.devtools.json HTTP/1.1" 404 179
2026-07-20 07:43:23,077 [WARNING] django.server: "GET /.well-known/appspecific/com.chrome.devtools.json HTTP/1.1" 404 179
2026-07-20 07:45:29,119 [INFO] django.server: "POST /tickets/inquiry-fan/ HTTP/1.1" 200 59
2026-07-20 07:45:29,119 [INFO] django.server: "POST /tickets/inquiry-fan/ HTTP/1.1" 200 59
2026-07-20 07:50:35,097 [INFO] django.server: "POST /tickets/release-reservation/ HTTP/1.1" 200 51
2026-07-20 07:50:35,097 [INFO] django.server: "POST /tickets/release-reservation/ HTTP/1.1" 200 51
2026-07-20 07:50:35,099 [INFO] django.server: "GET /tickets/ticket-info/6/ HTTP/1.1" 302 0
2026-07-20 07:50:35,099 [INFO] django.server: "GET /tickets/ticket-info/6/ HTTP/1.1" 302 0
2026-07-20 07:50:35,616 [INFO] django.server: "GET /matches/match/6/block-map/ HTTP/1.1" 200 478927
2026-07-20 07:50:35,616 [INFO] django.server: "GET /matches/match/6/block-map/ HTTP/1.1" 200 478927
2026-07-20 07:50:35,675 [WARNING] django.server: "GET /static/img/sepahan-logo.png HTTP/1.1" 404 179
2026-07-20 07:50:35,675 [WARNING] django.server: "GET /static/img/sepahan-logo.png HTTP/1.1" 404 179
2026-07-20 07:50:35,676 [WARNING] django.server: "GET /static/css/style.css HTTP/1.1" 404 179
2026-07-20 07:50:35,676 [WARNING] django.server: "GET /static/css/style.css HTTP/1.1" 404 179
2026-07-20 07:50:35,676 [WARNING] django.server: "GET /static/js/script.js HTTP/1.1" 404 179
2026-07-20 07:50:35,676 [WARNING] django.server: "GET /static/js/script.js HTTP/1.1" 404 179
2026-07-20 07:50:35,756 [WARNING] django.server: "GET /static/js/script.js HTTP/1.1" 404 179
2026-07-20 07:50:35,756 [WARNING] django.server: "GET /static/js/script.js HTTP/1.1" 404 179
2026-07-20 07:50:36,312 [INFO] django.server: "GET /matches/get-seats-status/6/?row_id=496 HTTP/1.1" 200 2972
2026-07-20 07:50:36,312 [INFO] django.server: "GET /matches/get-seats-status/6/?row_id=496 HTTP/1.1" 200 2972
2026-07-20 07:50:39,881 [INFO] django.server: "POST /tickets/reserve/6/ HTTP/1.1" 302 0
2026-07-20 07:50:39,881 [INFO] django.server: "POST /tickets/reserve/6/ HTTP/1.1" 302 0
2026-07-20 07:50:39,905 [INFO] django.server: "GET /tickets/ticket-info/6/ HTTP/1.1" 200 60027
2026-07-20 07:50:39,905 [INFO] django.server: "GET /tickets/ticket-info/6/ HTTP/1.1" 200 60027
2026-07-20 07:50:39,997 [WARNING] django.server: "GET /static/img/sepahan-logo.png HTTP/1.1" 404 179
2026-07-20 07:50:39,997 [WARNING] django.server: "GET /static/img/sepahan-logo.png HTTP/1.1" 404 179
2026-07-20 07:50:39,997 [WARNING] django.server: "GET /static/css/style.css HTTP/1.1" 404 179
2026-07-20 07:50:39,997 [WARNING] django.server: "GET /static/css/style.css HTTP/1.1" 404 179
2026-07-20 07:50:39,998 [WARNING] django.server: "GET /static/js/script.js HTTP/1.1" 404 179
2026-07-20 07:50:39,998 [WARNING] django.server: "GET /static/js/script.js HTTP/1.1" 404 179
2026-07-20 07:50:40,530 [WARNING] django.server: "GET /static/js/script.js HTTP/1.1" 404 179
2026-07-20 07:50:40,530 [WARNING] django.server: "GET /static/js/script.js HTTP/1.1" 404 179
2026-07-20 07:50:46,688 [INFO] django.server: "GET /tickets/ticket-info/6/ HTTP/1.1" 200 60027
2026-07-20 07:50:46,688 [INFO] django.server: "GET /tickets/ticket-info/6/ HTTP/1.1" 200 60027
2026-07-20 07:50:46,689 [INFO] django.server: "POST /tickets/release-reservation/ HTTP/1.1" 200 51
2026-07-20 07:50:46,689 [INFO] django.server: "POST /tickets/release-reservation/ HTTP/1.1" 200 51
2026-07-20 07:50:46,806 [WARNING] django.server: "GET /static/img/sepahan-logo.png HTTP/1.1" 404 179
2026-07-20 07:50:46,808 [WARNING] django.server: "GET /static/css/style.css HTTP/1.1" 404 179
2026-07-20 07:50:46,806 [WARNING] django.server: "GET /static/img/sepahan-logo.png HTTP/1.1" 404 179
2026-07-20 07:50:46,808 [WARNING] django.server: "GET /static/css/style.css HTTP/1.1" 404 179
2026-07-20 07:50:47,772 [WARNING] django.server: "GET /static/js/script.js HTTP/1.1" 404 179
2026-07-20 07:50:47,772 [WARNING] django.server: "GET /static/js/script.js HTTP/1.1" 404 179
2026-07-20 07:50:47,951 [WARNING] django.server: "GET /static/js/script.js HTTP/1.1" 404 179
2026-07-20 07:50:47,951 [WARNING] django.server: "GET /static/js/script.js HTTP/1.1" 404 179
2026-07-20 07:50:55,314 [WARNING] django.server: "GET /static/img/sepahan-logo.png HTTP/1.1" 404 179
2026-07-20 07:50:55,314 [WARNING] django.server: "GET /static/img/sepahan-logo.png HTTP/1.1" 404 179
2026-07-20 07:57:36,979 [INFO] django.server: "GET /tickets/cancel/6/ HTTP/1.1" 302 0
2026-07-20 07:57:36,979 [INFO] django.server: "GET /tickets/cancel/6/ HTTP/1.1" 302 0
2026-07-20 07:57:36,979 [INFO] django.server: "POST /tickets/release-reservation/ HTTP/1.1" 200 52
2026-07-20 07:57:36,979 [INFO] django.server: "POST /tickets/release-reservation/ HTTP/1.1" 200 52
2026-07-20 07:57:37,175 [INFO] django.server: "GET /matches/select-block/6/ HTTP/1.1" 200 126801
2026-07-20 07:57:37,175 [INFO] django.server: "GET /matches/select-block/6/ HTTP/1.1" 200 126801
2026-07-20 07:57:37,230 [WARNING] django.server: "GET /static/css/style.css HTTP/1.1" 404 179
2026-07-20 07:57:37,230 [WARNING] django.server: "GET /static/css/style.css HTTP/1.1" 404 179
2026-07-20 07:57:37,234 [WARNING] django.server: "GET /static/img/sepahan-logo.png HTTP/1.1" 404 179
2026-07-20 07:57:37,234 [WARNING] django.server: "GET /static/img/sepahan-logo.png HTTP/1.1" 404 179
2026-07-20 07:57:37,239 [WARNING] django.server: "GET /static/img/staduim.png HTTP/1.1" 404 179
2026-07-20 07:57:37,239 [WARNING] django.server: "GET /static/img/staduim.png HTTP/1.1" 404 179
2026-07-20 07:57:37,239 [WARNING] django.server: "GET /media/team_logos/sepahan-logo_vQMfqRE.png HTTP/1.1" 404 179
2026-07-20 07:57:37,239 [WARNING] django.server: "GET /media/team_logos/sepahan-logo_vQMfqRE.png HTTP/1.1" 404 179
2026-07-20 07:57:37,254 [WARNING] django.server: "GET /media/team_logos/profile.webp HTTP/1.1" 404 179
2026-07-20 07:57:37,254 [WARNING] django.server: "GET /media/team_logos/profile.webp HTTP/1.1" 404 179
2026-07-20 07:57:37,258 [WARNING] django.server: "GET /static/js/script.js HTTP/1.1" 404 179
2026-07-20 07:57:37,258 [WARNING] django.server: "GET /static/js/script.js HTTP/1.1" 404 179
2026-07-20 07:57:37,327 [WARNING] django.server: "GET /media/stadium_images/photo_%DB%B2%DB%B0%DB%B1%DB%B9-%DB%B1%DB%B1-%DB%B2%DB%B8_%DB%B1%DB%B2-%DB%B4%DB%B8-%DB%B5%DB%B3.jpg HTTP/1.1" 404 179
2026-07-20 07:57:37,327 [WARNING] django.server: "GET /media/stadium_images/photo_%DB%B2%DB%B0%DB%B1%DB%B9-%DB%B1%DB%B1-%DB%B2%DB%B8_%DB%B1%DB%B2-%DB%B4%DB%B8-%DB%B5%DB%B3.jpg HTTP/1.1" 404 179
2026-07-20 07:57:37,988 [WARNING] django.server: "GET /static/js/script.js HTTP/1.1" 404 179
2026-07-20 07:57:37,988 [WARNING] django.server: "GET /static/js/script.js HTTP/1.1" 404 179
2026-07-20 08:02:40,231 [INFO] django.utils.autoreload: /home/kasra/Desktop/ticket.sepahansc/football_tickets/tickets/views.py changed, reloading.
2026-07-20 08:02:40,231 [INFO] django.utils.autoreload: /home/kasra/Desktop/ticket.sepahansc/football_tickets/tickets/views.py changed, reloading.
2026-07-20 08:02:41,662 [INFO] weasyprint.progress: Step 2 - Fetching and parsing CSS - CSS string
2026-07-20 08:02:41,717 [INFO] weasyprint.progress: Step 2 - Fetching and parsing CSS - CSS string
2026-07-20 08:02:41,726 [INFO] weasyprint.progress: Step 2 - Fetching and parsing CSS - CSS string
2026-07-20 08:02:41,956 [INFO] django.utils.autoreload: Watching for file changes with StatReloader
2026-07-20 08:02:41,956 [INFO] django.utils.autoreload: Watching for file changes with StatReloader
2026-07-20 08:02:42,837 [INFO] django.server: "GET /matches/select-block/6/ HTTP/1.1" 200 126801
2026-07-20 08:02:42,837 [INFO] django.server: "GET /matches/select-block/6/ HTTP/1.1" 200 126801
2026-07-20 08:02:42,999 [WARNING] django.server: "GET /static/css/style.css HTTP/1.1" 404 179
2026-07-20 08:02:42,999 [WARNING] django.server: "GET /static/css/style.css HTTP/1.1" 404 179
2026-07-20 08:02:43,004 [WARNING] django.server: "GET /static/img/sepahan-logo.png HTTP/1.1" 404 179
2026-07-20 08:02:43,004 [WARNING] django.server: "GET /static/img/sepahan-logo.png HTTP/1.1" 404 179
2026-07-20 08:02:43,005 [WARNING] django.server: "GET /static/img/staduim.png HTTP/1.1" 404 179
2026-07-20 08:02:43,005 [WARNING] django.server: "GET /static/img/staduim.png HTTP/1.1" 404 179
2026-07-20 08:02:43,007 [WARNING] django.server: "GET /media/team_logos/sepahan-logo_vQMfqRE.png HTTP/1.1" 404 179
2026-07-20 08:02:43,007 [WARNING] django.server: "GET /media/team_logos/sepahan-logo_vQMfqRE.png HTTP/1.1" 404 179
2026-07-20 08:02:43,009 [WARNING] django.server: "GET /media/team_logos/profile.webp HTTP/1.1" 404 179
2026-07-20 08:02:43,009 [WARNING] django.server: "GET /media/team_logos/profile.webp HTTP/1.1" 404 179
2026-07-20 08:02:43,024 [WARNING] django.server: "GET /static/js/script.js HTTP/1.1" 404 179
2026-07-20 08:02:43,024 [WARNING] django.server: "GET /static/js/script.js HTTP/1.1" 404 179
2026-07-20 08:02:43,229 [WARNING] django.server: "GET /media/stadium_images/photo_%DB%B2%DB%B0%DB%B1%DB%B9-%DB%B1%DB%B1-%DB%B2%DB%B8_%DB%B1%DB%B2-%DB%B4%DB%B8-%DB%B5%DB%B3.jpg HTTP/1.1" 404 179
2026-07-20 08:02:43,229 [WARNING] django.server: "GET /media/stadium_images/photo_%DB%B2%DB%B0%DB%B1%DB%B9-%DB%B1%DB%B1-%DB%B2%DB%B8_%DB%B1%DB%B2-%DB%B4%DB%B8-%DB%B5%DB%B3.jpg HTTP/1.1" 404 179
2026-07-20 08:02:43,814 [WARNING] django.server: "GET /static/js/script.js HTTP/1.1" 404 179
2026-07-20 08:02:43,814 [WARNING] django.server: "GET /static/js/script.js HTTP/1.1" 404 179
2026-07-20 08:02:45,829 [INFO] django.server: "POST /matches/select-block/6/ HTTP/1.1" 302 0
2026-07-20 08:02:45,829 [INFO] django.server: "POST /matches/select-block/6/ HTTP/1.1" 302 0
2026-07-20 08:02:46,536 [INFO] django.server: "GET /matches/match/6/block-map/ HTTP/1.1" 200 439496
2026-07-20 08:02:46,536 [INFO] django.server: "GET /matches/match/6/block-map/ HTTP/1.1" 200 439496
2026-07-20 08:02:46,684 [WARNING] django.server: "GET /static/css/style.css HTTP/1.1" 404 179
2026-07-20 08:02:46,684 [WARNING] django.server: "GET /static/css/style.css HTTP/1.1" 404 179
2026-07-20 08:02:46,695 [WARNING] django.server: "GET /static/img/sepahan-logo.png HTTP/1.1" 404 179
2026-07-20 08:02:46,695 [WARNING] django.server: "GET /static/img/sepahan-logo.png HTTP/1.1" 404 179
2026-07-20 08:02:46,715 [WARNING] django.server: "GET /static/js/script.js HTTP/1.1" 404 179
2026-07-20 08:02:46,715 [WARNING] django.server: "GET /static/js/script.js HTTP/1.1" 404 179
2026-07-20 08:02:47,497 [INFO] django.server: "GET /matches/get-seats-status/6/?row_id=133 HTTP/1.1" 200 2972
2026-07-20 08:02:47,497 [INFO] django.server: "GET /matches/get-seats-status/6/?row_id=133 HTTP/1.1" 200 2972
2026-07-20 08:02:47,936 [WARNING] django.server: "GET /static/js/script.js HTTP/1.1" 404 179
2026-07-20 08:02:47,936 [WARNING] django.server: "GET /static/js/script.js HTTP/1.1" 404 179
2026-07-20 08:02:50,818 [INFO] django.server: "POST /tickets/reserve/6/ HTTP/1.1" 302 0
2026-07-20 08:02:50,818 [INFO] django.server: "POST /tickets/reserve/6/ HTTP/1.1" 302 0
2026-07-20 08:02:50,841 [INFO] django.server: "GET /tickets/ticket-info/6/ HTTP/1.1" 200 64980
2026-07-20 08:02:50,841 [INFO] django.server: "GET /tickets/ticket-info/6/ HTTP/1.1" 200 64980
2026-07-20 08:02:50,930 [WARNING] django.server: "GET /static/css/style.css HTTP/1.1" 404 179
2026-07-20 08:02:50,930 [WARNING] django.server: "GET /static/css/style.css HTTP/1.1" 404 179
2026-07-20 08:02:50,933 [WARNING] django.server: "GET /static/js/script.js HTTP/1.1" 404 179
2026-07-20 08:02:50,933 [WARNING] django.server: "GET /static/js/script.js HTTP/1.1" 404 179
2026-07-20 08:02:50,944 [WARNING] django.server: "GET /static/img/sepahan-logo.png HTTP/1.1" 404 179
2026-07-20 08:02:50,944 [WARNING] django.server: "GET /static/img/sepahan-logo.png HTTP/1.1" 404 179
2026-07-20 08:02:50,984 [WARNING] django.server: "GET /static/js/script.js HTTP/1.1" 404 179
2026-07-20 08:02:50,984 [WARNING] django.server: "GET /static/js/script.js HTTP/1.1" 404 179
2026-07-20 08:02:56,577 [INFO] django.server: "POST /tickets/release-reservation/ HTTP/1.1" 200 51
2026-07-20 08:02:56,577 [INFO] django.server: "POST /tickets/release-reservation/ HTTP/1.1" 200 51
2026-07-20 08:02:56,580 [INFO] django.server: "GET /tickets/cancel/6/ HTTP/1.1" 302 0
2026-07-20 08:02:56,580 [INFO] django.server: "GET /tickets/cancel/6/ HTTP/1.1" 302 0
2026-07-20 08:02:56,959 [INFO] django.server: "GET /matches/select-block/6/ HTTP/1.1" 200 127334
2026-07-20 08:02:56,959 [INFO] django.server: "GET /matches/select-block/6/ HTTP/1.1" 200 127334
2026-07-20 08:02:57,042 [WARNING] django.server: "GET /static/js/script.js HTTP/1.1" 404 179
2026-07-20 08:02:57,042 [WARNING] django.server: "GET /static/js/script.js HTTP/1.1" 404 179
2026-07-20 08:02:57,045 [WARNING] django.server: "GET /static/css/style.css HTTP/1.1" 404 179
2026-07-20 08:02:57,045 [WARNING] django.server: "GET /static/css/style.css HTTP/1.1" 404 179
2026-07-20 08:02:57,048 [WARNING] django.server: "GET /static/img/staduim.png HTTP/1.1" 404 179
2026-07-20 08:02:57,048 [WARNING] django.server: "GET /static/img/staduim.png HTTP/1.1" 404 179
2026-07-20 08:02:57,054 [WARNING] django.server: "GET /media/team_logos/sepahan-logo_vQMfqRE.png HTTP/1.1" 404 179
2026-07-20 08:02:57,054 [WARNING] django.server: "GET /media/team_logos/sepahan-logo_vQMfqRE.png HTTP/1.1" 404 179
2026-07-20 08:02:57,054 [WARNING] django.server: "GET /media/team_logos/profile.webp HTTP/1.1" 404 179
2026-07-20 08:02:57,054 [WARNING] django.server: "GET /media/team_logos/profile.webp HTTP/1.1" 404 179
2026-07-20 08:02:57,055 [WARNING] django.server: "GET /static/img/sepahan-logo.png HTTP/1.1" 404 179
2026-07-20 08:02:57,055 [WARNING] django.server: "GET /static/img/sepahan-logo.png HTTP/1.1" 404 179
2026-07-20 08:02:57,091 [WARNING] django.server: "GET /static/js/script.js HTTP/1.1" 404 179
2026-07-20 08:02:57,091 [WARNING] django.server: "GET /static/js/script.js HTTP/1.1" 404 179
2026-07-20 08:02:57,169 [WARNING] django.server: "GET /media/stadium_images/photo_%DB%B2%DB%B0%DB%B1%DB%B9-%DB%B1%DB%B1-%DB%B2%DB%B8_%DB%B1%DB%B2-%DB%B4%DB%B8-%DB%B5%DB%B3.jpg HTTP/1.1" 404 179
2026-07-20 08:02:57,169 [WARNING] django.server: "GET /media/stadium_images/photo_%DB%B2%DB%B0%DB%B1%DB%B9-%DB%B1%DB%B1-%DB%B2%DB%B8_%DB%B1%DB%B2-%DB%B4%DB%B8-%DB%B5%DB%B3.jpg HTTP/1.1" 404 179
2026-07-20 08:03:01,369 [INFO] django.server: "POST /matches/select-block/6/ HTTP/1.1" 302 0
2026-07-20 08:03:01,369 [INFO] django.server: "POST /matches/select-block/6/ HTTP/1.1" 302 0
2026-07-20 08:03:02,064 [INFO] django.server: "GET /matches/match/6/block-map/ HTTP/1.1" 200 439490
2026-07-20 08:03:02,064 [INFO] django.server: "GET /matches/match/6/block-map/ HTTP/1.1" 200 439490
2026-07-20 08:03:02,165 [WARNING] django.server: "GET /static/css/style.css HTTP/1.1" 404 179
2026-07-20 08:03:02,165 [WARNING] django.server: "GET /static/css/style.css HTTP/1.1" 404 179
2026-07-20 08:03:02,177 [WARNING] django.server: "GET /static/img/sepahan-logo.png HTTP/1.1" 404 179
2026-07-20 08:03:02,177 [WARNING] django.server: "GET /static/img/sepahan-logo.png HTTP/1.1" 404 179
2026-07-20 08:03:02,180 [WARNING] django.server: "GET /static/js/script.js HTTP/1.1" 404 179
2026-07-20 08:03:02,180 [WARNING] django.server: "GET /static/js/script.js HTTP/1.1" 404 179
2026-07-20 08:03:02,233 [WARNING] django.server: "GET /static/js/script.js HTTP/1.1" 404 179
2026-07-20 08:03:02,233 [WARNING] django.server: "GET /static/js/script.js HTTP/1.1" 404 179
2026-07-20 08:03:02,910 [INFO] django.server: "GET /matches/get-seats-status/6/?row_id=232 HTTP/1.1" 200 2972
2026-07-20 08:03:02,910 [INFO] django.server: "GET /matches/get-seats-status/6/?row_id=232 HTTP/1.1" 200 2972
2026-07-20 08:03:05,971 [INFO] django.server: "POST /tickets/reserve/6/ HTTP/1.1" 302 0
2026-07-20 08:03:05,971 [INFO] django.server: "POST /tickets/reserve/6/ HTTP/1.1" 302 0
2026-07-20 08:03:06,018 [INFO] django.server: "GET /tickets/ticket-info/6/ HTTP/1.1" 200 64982
2026-07-20 08:03:06,018 [INFO] django.server: "GET /tickets/ticket-info/6/ HTTP/1.1" 200 64982
2026-07-20 08:03:06,106 [WARNING] django.server: "GET /static/css/style.css HTTP/1.1" 404 179
2026-07-20 08:03:06,106 [WARNING] django.server: "GET /static/css/style.css HTTP/1.1" 404 179
2026-07-20 08:03:06,119 [WARNING] django.server: "GET /static/img/sepahan-logo.png HTTP/1.1" 404 179
2026-07-20 08:03:06,119 [WARNING] django.server: "GET /static/img/sepahan-logo.png HTTP/1.1" 404 179
2026-07-20 08:03:06,132 [WARNING] django.server: "GET /static/js/script.js HTTP/1.1" 404 179
2026-07-20 08:03:06,132 [WARNING] django.server: "GET /static/js/script.js HTTP/1.1" 404 179
2026-07-20 08:03:06,187 [WARNING] django.server: "GET /static/js/script.js HTTP/1.1" 404 179
2026-07-20 08:03:06,187 [WARNING] django.server: "GET /static/js/script.js HTTP/1.1" 404 179
2026-07-20 08:05:03,890 [INFO] django.server: "POST /tickets/inquiry-fan/ HTTP/1.1" 200 61
2026-07-20 08:05:03,890 [INFO] django.server: "POST /tickets/inquiry-fan/ HTTP/1.1" 200 61
2026-07-20 08:05:14,334 [INFO] django.server: "POST /tickets/inquiry-fan/ HTTP/1.1" 200 61
2026-07-20 08:05:14,334 [INFO] django.server: "POST /tickets/inquiry-fan/ HTTP/1.1" 200 61
2026-07-20 08:05:18,356 [INFO] payments.views: ===== وارد ویو payment_request شد =====
2026-07-20 08:05:19,027 [INFO] django.server: "POST /payments/request/ HTTP/1.1" 302 0
2026-07-20 08:05:19,027 [INFO] django.server: "POST /payments/request/ HTTP/1.1" 302 0
2026-07-20 08:05:21,779 [ERROR] payments.views: ❌ Payment 11 succeeded but ticket finalize failed: هیچ بلیطی صادر نشد (صندلی‌ها یافت نشدند)
2026-07-20 08:05:21,786 [INFO] django.server: "GET /payments/verify/?success=1&status=2&trackId=4689640045 HTTP/1.1" 302 0
2026-07-20 08:05:21,786 [INFO] django.server: "GET /payments/verify/?success=1&status=2&trackId=4689640045 HTTP/1.1" 302 0
2026-07-20 08:05:21,991 [INFO] django.server: "GET /tickets/my-tickets/ HTTP/1.1" 200 267457
2026-07-20 08:05:21,991 [INFO] django.server: "GET /tickets/my-tickets/ HTTP/1.1" 200 267457
2026-07-20 08:05:22,055 [WARNING] django.server: "GET /static/css/style.css HTTP/1.1" 404 179
2026-07-20 08:05:22,055 [WARNING] django.server: "GET /static/css/style.css HTTP/1.1" 404 179
2026-07-20 08:05:22,059 [WARNING] django.server: "GET /static/img/sepahan-logo.png HTTP/1.1" 404 179
2026-07-20 08:05:22,059 [WARNING] django.server: "GET /static/img/sepahan-logo.png HTTP/1.1" 404 179
2026-07-20 08:05:22,060 [WARNING] django.server: "GET /static/js/script.js HTTP/1.1" 404 179
2026-07-20 08:05:22,060 [WARNING] django.server: "GET /static/js/script.js HTTP/1.1" 404 179
2026-07-20 08:05:22,842 [WARNING] django.server: "GET /static/js/script.js HTTP/1.1" 404 179
2026-07-20 08:05:22,842 [WARNING] django.server: "GET /static/js/script.js HTTP/1.1" 404 179
2026-07-20 08:05:57,566 [INFO] django.server: "GET /tickets/my-tickets/?match_id=6 HTTP/1.1" 200 179075
2026-07-20 08:05:57,566 [INFO] django.server: "GET /tickets/my-tickets/?match_id=6 HTTP/1.1" 200 179075
2026-07-20 08:05:57,622 [WARNING] django.server: "GET /static/css/style.css HTTP/1.1" 404 179
2026-07-20 08:05:57,622 [WARNING] django.server: "GET /static/css/style.css HTTP/1.1" 404 179
2026-07-20 08:05:57,624 [WARNING] django.server: "GET /static/img/sepahan-logo.png HTTP/1.1" 404 179
2026-07-20 08:05:57,624 [WARNING] django.server: "GET /static/img/sepahan-logo.png HTTP/1.1" 404 179
2026-07-20 08:05:57,625 [WARNING] django.server: "GET /static/js/script.js HTTP/1.1" 404 179
2026-07-20 08:05:57,625 [WARNING] django.server: "GET /static/js/script.js HTTP/1.1" 404 179
2026-07-20 08:05:57,653 [WARNING] django.server: "GET /static/js/script.js HTTP/1.1" 404 179
2026-07-20 08:05:57,653 [WARNING] django.server: "GET /static/js/script.js HTTP/1.1" 404 179
2026-07-20 08:06:52,105 [INFO] django.server: "GET /matches/ HTTP/1.1" 200 63945
2026-07-20 08:06:52,105 [INFO] django.server: "GET /matches/ HTTP/1.1" 200 63945
2026-07-20 08:06:52,172 [WARNING] django.server: "GET /static/css/style.css HTTP/1.1" 404 179
2026-07-20 08:06:52,172 [WARNING] django.server: "GET /static/css/style.css HTTP/1.1" 404 179
2026-07-20 08:06:52,176 [WARNING] django.server: "GET /static/img/sepahan-logo.png HTTP/1.1" 404 179
2026-07-20 08:06:52,176 [WARNING] django.server: "GET /static/img/sepahan-logo.png HTTP/1.1" 404 179
2026-07-20 08:06:52,178 [WARNING] django.server: "GET /media/team_logos/sepahan-logo_vQMfqRE.png HTTP/1.1" 404 179
2026-07-20 08:06:52,178 [WARNING] django.server: "GET /media/team_logos/sepahan-logo_vQMfqRE.png HTTP/1.1" 404 179
2026-07-20 08:06:52,185 [WARNING] django.server: "GET /media/team_logos/profile.webp HTTP/1.1" 404 179
2026-07-20 08:06:52,185 [WARNING] django.server: "GET /media/team_logos/profile.webp HTTP/1.1" 404 179
2026-07-20 08:06:52,185 [WARNING] django.server: "GET /media/team_logos/sepahan-logo_HyT5LEZ.png HTTP/1.1" 404 179
2026-07-20 08:06:52,185 [WARNING] django.server: "GET /media/team_logos/sepahan-logo_HyT5LEZ.png HTTP/1.1" 404 179
2026-07-20 08:06:52,188 [WARNING] django.server: "GET /media/team_logos/fc-persepolis-seeklogo_1m2k1d1.png HTTP/1.1" 404 179
2026-07-20 08:06:52,188 [WARNING] django.server: "GET /media/team_logos/fc-persepolis-seeklogo_1m2k1d1.png HTTP/1.1" 404 179
2026-07-20 08:06:52,196 [WARNING] django.server: "GET /static/js/script.js HTTP/1.1" 404 179
2026-07-20 08:06:52,196 [WARNING] django.server: "GET /static/js/script.js HTTP/1.1" 404 179
2026-07-20 08:06:52,200 [WARNING] django.server: "GET /media/team_logos/sepahan-logo_AqvyGY8.png HTTP/1.1" 404 179
2026-07-20 08:06:52,200 [WARNING] django.server: "GET /media/team_logos/sepahan-logo_AqvyGY8.png HTTP/1.1" 404 179
2026-07-20 08:06:52,202 [WARNING] django.server: "GET /media/team_logos/iran_tractor_1500x1500_0Lnfd4g.football-logos.cc.png HTTP/1.1" 404 179
2026-07-20 08:06:52,202 [WARNING] django.server: "GET /media/team_logos/iran_tractor_1500x1500_0Lnfd4g.football-logos.cc.png HTTP/1.1" 404 179
2026-07-20 08:06:52,247 [WARNING] django.server: "GET /static/img/lion-roar.png HTTP/1.1" 404 179
2026-07-20 08:06:52,247 [WARNING] django.server: "GET /static/img/lion-roar.png HTTP/1.1" 404 179
2026-07-20 08:06:52,923 [WARNING] django.server: "GET /static/js/script.js HTTP/1.1" 404 179
2026-07-20 08:06:52,923 [WARNING] django.server: "GET /static/js/script.js HTTP/1.1" 404 179
2026-07-20 08:18:15,705 [INFO] django.server: "GET /matches/select-floor/6/ HTTP/1.1" 200 36392
2026-07-20 08:18:15,705 [INFO] django.server: "GET /matches/select-floor/6/ HTTP/1.1" 200 36392
2026-07-20 08:18:15,776 [WARNING] django.server: "GET /static/css/style.css HTTP/1.1" 404 179
2026-07-20 08:18:15,776 [WARNING] django.server: "GET /static/css/style.css HTTP/1.1" 404 179
2026-07-20 08:18:15,797 [WARNING] django.server: "GET /static/img/sepahan-logo.png HTTP/1.1" 404 179
2026-07-20 08:18:15,797 [WARNING] django.server: "GET /static/img/sepahan-logo.png HTTP/1.1" 404 179
2026-07-20 08:18:15,803 [WARNING] django.server: "GET /static/js/script.js HTTP/1.1" 404 179
2026-07-20 08:18:15,803 [WARNING] django.server: "GET /static/js/script.js HTTP/1.1" 404 179
2026-07-20 08:18:16,614 [WARNING] django.server: "GET /static/js/script.js HTTP/1.1" 404 179
2026-07-20 08:18:16,614 [WARNING] django.server: "GET /static/js/script.js HTTP/1.1" 404 179
2026-07-20 08:18:16,691 [INFO] django.server: "POST /matches/select-floor/6/ HTTP/1.1" 302 0
2026-07-20 08:18:16,691 [INFO] django.server: "POST /matches/select-floor/6/ HTTP/1.1" 302 0
2026-07-20 08:18:16,928 [INFO] django.server: "GET /matches/select-block/6/ HTTP/1.1" 200 126803
2026-07-20 08:18:16,928 [INFO] django.server: "GET /matches/select-block/6/ HTTP/1.1" 200 126803
2026-07-20 08:18:16,988 [WARNING] django.server: "GET /static/css/style.css HTTP/1.1" 404 179
2026-07-20 08:18:16,988 [WARNING] django.server: "GET /static/css/style.css HTTP/1.1" 404 179
2026-07-20 08:18:16,993 [WARNING] django.server: "GET /static/img/sepahan-logo.png HTTP/1.1" 404 179
2026-07-20 08:18:16,993 [WARNING] django.server: "GET /static/img/sepahan-logo.png HTTP/1.1" 404 179
2026-07-20 08:18:17,000 [WARNING] django.server: "GET /static/img/staduim.png HTTP/1.1" 404 179
2026-07-20 08:18:17,000 [WARNING] django.server: "GET /static/img/staduim.png HTTP/1.1" 404 179
2026-07-20 08:18:17,001 [WARNING] django.server: "GET /media/team_logos/sepahan-logo_vQMfqRE.png HTTP/1.1" 404 179
2026-07-20 08:18:17,001 [WARNING] django.server: "GET /media/team_logos/sepahan-logo_vQMfqRE.png HTTP/1.1" 404 179
2026-07-20 08:18:17,014 [WARNING] django.server: "GET /media/team_logos/profile.webp HTTP/1.1" 404 179
2026-07-20 08:18:17,014 [WARNING] django.server: "GET /media/team_logos/profile.webp HTTP/1.1" 404 179
2026-07-20 08:18:17,019 [WARNING] django.server: "GET /static/js/script.js HTTP/1.1" 404 179
2026-07-20 08:18:17,019 [WARNING] django.server: "GET /static/js/script.js HTTP/1.1" 404 179
2026-07-20 08:18:17,040 [WARNING] django.server: "GET /static/js/script.js HTTP/1.1" 404 179
2026-07-20 08:18:17,040 [WARNING] django.server: "GET /static/js/script.js HTTP/1.1" 404 179
2026-07-20 08:18:17,094 [WARNING] django.server: "GET /media/stadium_images/photo_%DB%B2%DB%B0%DB%B1%DB%B9-%DB%B1%DB%B1-%DB%B2%DB%B8_%DB%B1%DB%B2-%DB%B4%DB%B8-%DB%B5%DB%B3.jpg HTTP/1.1" 404 179
2026-07-20 08:18:17,094 [WARNING] django.server: "GET /media/stadium_images/photo_%DB%B2%DB%B0%DB%B1%DB%B9-%DB%B1%DB%B1-%DB%B2%DB%B8_%DB%B1%DB%B2-%DB%B4%DB%B8-%DB%B5%DB%B3.jpg HTTP/1.1" 404 179
2026-07-20 08:18:19,137 [INFO] django.server: "POST /matches/select-block/6/ HTTP/1.1" 302 0
2026-07-20 08:18:19,137 [INFO] django.server: "POST /matches/select-block/6/ HTTP/1.1" 302 0
2026-07-20 08:18:19,588 [INFO] django.server: "GET /matches/match/6/block-map/ HTTP/1.1" 200 439493
2026-07-20 08:18:19,588 [INFO] django.server: "GET /matches/match/6/block-map/ HTTP/1.1" 200 439493
2026-07-20 08:18:19,642 [WARNING] django.server: "GET /static/css/style.css HTTP/1.1" 404 179
2026-07-20 08:18:19,642 [WARNING] django.server: "GET /static/css/style.css HTTP/1.1" 404 179
2026-07-20 08:18:19,644 [WARNING] django.server: "GET /static/js/script.js HTTP/1.1" 404 179
2026-07-20 08:18:19,644 [WARNING] django.server: "GET /static/js/script.js HTTP/1.1" 404 179
2026-07-20 08:18:19,645 [WARNING] django.server: "GET /static/img/sepahan-logo.png HTTP/1.1" 404 179
2026-07-20 08:18:19,645 [WARNING] django.server: "GET /static/img/sepahan-logo.png HTTP/1.1" 404 179
2026-07-20 08:18:19,670 [WARNING] django.server: "GET /static/js/script.js HTTP/1.1" 404 179
2026-07-20 08:18:19,670 [WARNING] django.server: "GET /static/js/script.js HTTP/1.1" 404 179
2026-07-20 08:18:20,263 [INFO] django.server: "GET /matches/get-seats-status/6/?row_id=232 HTTP/1.1" 200 2973
2026-07-20 08:18:20,263 [INFO] django.server: "GET /matches/get-seats-status/6/?row_id=232 HTTP/1.1" 200 2973
2026-07-20 08:18:23,447 [INFO] django.server: "POST /tickets/reserve/6/ HTTP/1.1" 302 0
2026-07-20 08:18:23,447 [INFO] django.server: "POST /tickets/reserve/6/ HTTP/1.1" 302 0
2026-07-20 08:18:23,469 [INFO] django.server: "GET /tickets/ticket-info/6/ HTTP/1.1" 200 65348
2026-07-20 08:18:23,469 [INFO] django.server: "GET /tickets/ticket-info/6/ HTTP/1.1" 200 65348
2026-07-20 08:18:23,521 [WARNING] django.server: "GET /static/css/style.css HTTP/1.1" 404 179
2026-07-20 08:18:23,521 [WARNING] django.server: "GET /static/css/style.css HTTP/1.1" 404 179
2026-07-20 08:18:23,524 [WARNING] django.server: "GET /static/img/sepahan-logo.png HTTP/1.1" 404 179
2026-07-20 08:18:23,524 [WARNING] django.server: "GET /static/img/sepahan-logo.png HTTP/1.1" 404 179
2026-07-20 08:18:23,527 [WARNING] django.server: "GET /static/js/script.js HTTP/1.1" 404 179
2026-07-20 08:18:23,527 [WARNING] django.server: "GET /static/js/script.js HTTP/1.1" 404 179
2026-07-20 08:18:23,855 [WARNING] django.server: "GET /static/js/script.js HTTP/1.1" 404 179
2026-07-20 08:18:23,855 [WARNING] django.server: "GET /static/js/script.js HTTP/1.1" 404 179
2026-07-20 08:18:54,759 [INFO] django.server: "POST /tickets/inquiry-fan/ HTTP/1.1" 200 61
2026-07-20 08:18:54,759 [INFO] django.server: "POST /tickets/inquiry-fan/ HTTP/1.1" 200 61
2026-07-20 08:18:56,073 [INFO] payments.views: ===== وارد ویو payment_request شد =====
2026-07-20 08:18:59,882 [INFO] django.server: "POST /payments/request/ HTTP/1.1" 302 0
2026-07-20 08:18:59,882 [INFO] django.server: "POST /payments/request/ HTTP/1.1" 302 0
2026-07-20 08:19:09,521 [INFO] tickets.models: QR path: /home/kasra/Desktop/ticket.sepahansc/football_tickets/media/qr_codes/ticket_163008169662.png
2026-07-20 08:19:09,521 [INFO] tickets.models: QR read successfully, length: 1208
2026-07-20 08:19:09,525 [INFO] weasyprint.progress: Step 1 - Fetching and parsing HTML - HTML string
2026-07-20 08:19:09,556 [INFO] weasyprint.progress: Step 2 - Fetching and parsing CSS - CSS string
2026-07-20 08:19:09,557 [WARNING] weasyprint: Ignored `box-shadow: 0 4px 20px rgba(0, 0, 0, 0.15)` at 25:13, unknown property.
2026-07-20 08:19:09,559 [INFO] weasyprint.progress: Step 3 - Applying CSS
2026-07-20 08:19:09,561 [INFO] weasyprint.progress: Step 4 - Creating formatting structure
2026-07-20 08:19:09,571 [INFO] weasyprint.progress: Step 5 - Creating layout - Page 1
2026-07-20 08:19:09,971 [INFO] weasyprint.progress: Step 6 - Creating PDF
2026-07-20 08:19:10,025 [INFO] weasyprint.progress: Step 7 - Adding PDF metadata
2026-07-20 08:19:10,106 [INFO] django.server: "GET /payments/verify/?success=1&status=2&trackId=4689657036 HTTP/1.1" 302 0
2026-07-20 08:19:10,106 [INFO] django.server: "GET /payments/verify/?success=1&status=2&trackId=4689657036 HTTP/1.1" 302 0
2026-07-20 08:19:10,243 [INFO] django.server: "GET /tickets/my-tickets/ HTTP/1.1" 200 272164
2026-07-20 08:19:10,243 [INFO] django.server: "GET /tickets/my-tickets/ HTTP/1.1" 200 272164
2026-07-20 08:19:10,296 [WARNING] django.server: "GET /static/css/style.css HTTP/1.1" 404 179
2026-07-20 08:19:10,296 [WARNING] django.server: "GET /static/css/style.css HTTP/1.1" 404 179
2026-07-20 08:19:10,298 [WARNING] django.server: "GET /static/img/sepahan-logo.png HTTP/1.1" 404 179
2026-07-20 08:19:10,298 [WARNING] django.server: "GET /static/img/sepahan-logo.png HTTP/1.1" 404 179
2026-07-20 08:19:10,299 [WARNING] django.server: "GET /static/js/script.js HTTP/1.1" 404 179
2026-07-20 08:19:10,299 [WARNING] django.server: "GET /static/js/script.js HTTP/1.1" 404 179
2026-07-20 08:19:11,001 [WARNING] django.server: "GET /static/js/script.js HTTP/1.1" 404 179
2026-07-20 08:19:11,001 [WARNING] django.server: "GET /static/js/script.js HTTP/1.1" 404 179
2026-07-20 08:19:21,094 [INFO] django.server: "GET /matches/ HTTP/1.1" 200 63945
2026-07-20 08:19:21,094 [INFO] django.server: "GET /matches/ HTTP/1.1" 200 63945
2026-07-20 08:19:21,145 [WARNING] django.server: "GET /static/css/style.css HTTP/1.1" 404 179
2026-07-20 08:19:21,145 [WARNING] django.server: "GET /static/css/style.css HTTP/1.1" 404 179
2026-07-20 08:19:21,149 [WARNING] django.server: "GET /static/img/sepahan-logo.png HTTP/1.1" 404 179
2026-07-20 08:19:21,149 [WARNING] django.server: "GET /static/img/sepahan-logo.png HTTP/1.1" 404 179
2026-07-20 08:19:21,150 [WARNING] django.server: "GET /media/team_logos/sepahan-logo_vQMfqRE.png HTTP/1.1" 404 179
2026-07-20 08:19:21,150 [WARNING] django.server: "GET /media/team_logos/sepahan-logo_vQMfqRE.png HTTP/1.1" 404 179
2026-07-20 08:19:21,153 [WARNING] django.server: "GET /media/team_logos/sepahan-logo_HyT5LEZ.png HTTP/1.1" 404 179
2026-07-20 08:19:21,153 [WARNING] django.server: "GET /media/team_logos/sepahan-logo_HyT5LEZ.png HTTP/1.1" 404 179
2026-07-20 08:19:21,153 [WARNING] django.server: "GET /media/team_logos/profile.webp HTTP/1.1" 404 179
2026-07-20 08:19:21,153 [WARNING] django.server: "GET /media/team_logos/profile.webp HTTP/1.1" 404 179
2026-07-20 08:19:21,154 [WARNING] django.server: "GET /media/team_logos/fc-persepolis-seeklogo_1m2k1d1.png HTTP/1.1" 404 179
2026-07-20 08:19:21,154 [WARNING] django.server: "GET /media/team_logos/fc-persepolis-seeklogo_1m2k1d1.png HTTP/1.1" 404 179
2026-07-20 08:19:21,185 [WARNING] django.server: "GET /media/team_logos/sepahan-logo_AqvyGY8.png HTTP/1.1" 404 179
2026-07-20 08:19:21,185 [WARNING] django.server: "GET /media/team_logos/sepahan-logo_AqvyGY8.png HTTP/1.1" 404 179
2026-07-20 08:19:21,186 [WARNING] django.server: "GET /static/js/script.js HTTP/1.1" 404 179
2026-07-20 08:19:21,186 [WARNING] django.server: "GET /static/js/script.js HTTP/1.1" 404 179
2026-07-20 08:19:21,198 [WARNING] django.server: "GET /media/team_logos/iran_tractor_1500x1500_0Lnfd4g.football-logos.cc.png HTTP/1.1" 404 179
2026-07-20 08:19:21,198 [WARNING] django.server: "GET /media/team_logos/iran_tractor_1500x1500_0Lnfd4g.football-logos.cc.png HTTP/1.1" 404 179
2026-07-20 08:19:21,233 [WARNING] django.server: "GET /static/img/lion-roar.png HTTP/1.1" 404 179
2026-07-20 08:19:21,233 [WARNING] django.server: "GET /static/img/lion-roar.png HTTP/1.1" 404 179
2026-07-20 08:19:21,512 [WARNING] django.server: "GET /static/js/script.js HTTP/1.1" 404 179
2026-07-20 08:19:21,512 [WARNING] django.server: "GET /static/js/script.js HTTP/1.1" 404 179
2026-07-20 08:19:22,281 [INFO] django.server: "GET /matches/select-floor/6/ HTTP/1.1" 200 36392
2026-07-20 08:19:22,281 [INFO] django.server: "GET /matches/select-floor/6/ HTTP/1.1" 200 36392
2026-07-20 08:19:22,326 [WARNING] django.server: "GET /static/css/style.css HTTP/1.1" 404 179
2026-07-20 08:19:22,326 [WARNING] django.server: "GET /static/css/style.css HTTP/1.1" 404 179
2026-07-20 08:19:22,326 [WARNING] django.server: "GET /static/img/sepahan-logo.png HTTP/1.1" 404 179
2026-07-20 08:19:22,326 [WARNING] django.server: "GET /static/img/sepahan-logo.png HTTP/1.1" 404 179
2026-07-20 08:19:22,327 [WARNING] django.server: "GET /static/js/script.js HTTP/1.1" 404 179
2026-07-20 08:19:22,327 [WARNING] django.server: "GET /static/js/script.js HTTP/1.1" 404 179
2026-07-20 08:19:22,343 [WARNING] django.server: "GET /static/js/script.js HTTP/1.1" 404 179
2026-07-20 08:19:22,343 [WARNING] django.server: "GET /static/js/script.js HTTP/1.1" 404 179
2026-07-20 08:19:23,179 [INFO] django.server: "POST /matches/select-floor/6/ HTTP/1.1" 302 0
2026-07-20 08:19:23,179 [INFO] django.server: "POST /matches/select-floor/6/ HTTP/1.1" 302 0
2026-07-20 08:19:23,366 [INFO] django.server: "GET /matches/select-block/6/ HTTP/1.1" 200 126803
2026-07-20 08:19:23,366 [INFO] django.server: "GET /matches/select-block/6/ HTTP/1.1" 200 126803
2026-07-20 08:19:23,413 [WARNING] django.server: "GET /static/img/sepahan-logo.png HTTP/1.1" 404 179
2026-07-20 08:19:23,413 [WARNING] django.server: "GET /static/img/sepahan-logo.png HTTP/1.1" 404 179
2026-07-20 08:19:23,414 [WARNING] django.server: "GET /static/css/style.css HTTP/1.1" 404 179
2026-07-20 08:19:23,414 [WARNING] django.server: "GET /static/css/style.css HTTP/1.1" 404 179
2026-07-20 08:19:23,417 [WARNING] django.server: "GET /static/img/staduim.png HTTP/1.1" 404 179
2026-07-20 08:19:23,417 [WARNING] django.server: "GET /static/img/staduim.png HTTP/1.1" 404 179
2026-07-20 08:19:23,418 [WARNING] django.server: "GET /media/team_logos/profile.webp HTTP/1.1" 404 179
2026-07-20 08:19:23,418 [WARNING] django.server: "GET /media/team_logos/profile.webp HTTP/1.1" 404 179
2026-07-20 08:19:23,419 [WARNING] django.server: "GET /static/js/script.js HTTP/1.1" 404 179
2026-07-20 08:19:23,419 [WARNING] django.server: "GET /static/js/script.js HTTP/1.1" 404 179
2026-07-20 08:19:23,419 [WARNING] django.server: "GET /media/team_logos/sepahan-logo_vQMfqRE.png HTTP/1.1" 404 179
2026-07-20 08:19:23,419 [WARNING] django.server: "GET /media/team_logos/sepahan-logo_vQMfqRE.png HTTP/1.1" 404 179
2026-07-20 08:19:23,438 [WARNING] django.server: "GET /static/js/script.js HTTP/1.1" 404 179
2026-07-20 08:19:23,438 [WARNING] django.server: "GET /static/js/script.js HTTP/1.1" 404 179
2026-07-20 08:19:23,499 [WARNING] django.server: "GET /media/stadium_images/photo_%DB%B2%DB%B0%DB%B1%DB%B9-%DB%B1%DB%B1-%DB%B2%DB%B8_%DB%B1%DB%B2-%DB%B4%DB%B8-%DB%B5%DB%B3.jpg HTTP/1.1" 404 179
2026-07-20 08:19:23,499 [WARNING] django.server: "GET /media/stadium_images/photo_%DB%B2%DB%B0%DB%B1%DB%B9-%DB%B1%DB%B1-%DB%B2%DB%B8_%DB%B1%DB%B2-%DB%B4%DB%B8-%DB%B5%DB%B3.jpg HTTP/1.1" 404 179
2026-07-20 08:19:25,163 [INFO] django.server: "POST /matches/select-block/6/ HTTP/1.1" 302 0
2026-07-20 08:19:25,163 [INFO] django.server: "POST /matches/select-block/6/ HTTP/1.1" 302 0
2026-07-20 08:19:25,652 [INFO] django.server: "GET /matches/match/6/block-map/ HTTP/1.1" 200 478344
2026-07-20 08:19:25,652 [INFO] django.server: "GET /matches/match/6/block-map/ HTTP/1.1" 200 478344
2026-07-20 08:19:25,708 [WARNING] django.server: "GET /static/img/sepahan-logo.png HTTP/1.1" 404 179
2026-07-20 08:19:25,708 [WARNING] django.server: "GET /static/img/sepahan-logo.png HTTP/1.1" 404 179
2026-07-20 08:19:25,708 [WARNING] django.server: "GET /static/css/style.css HTTP/1.1" 404 179
2026-07-20 08:19:25,708 [WARNING] django.server: "GET /static/css/style.css HTTP/1.1" 404 179
2026-07-20 08:19:25,709 [WARNING] django.server: "GET /static/js/script.js HTTP/1.1" 404 179
2026-07-20 08:19:25,709 [WARNING] django.server: "GET /static/js/script.js HTTP/1.1" 404 179
2026-07-20 08:19:25,735 [WARNING] django.server: "GET /static/js/script.js HTTP/1.1" 404 179
2026-07-20 08:19:25,735 [WARNING] django.server: "GET /static/js/script.js HTTP/1.1" 404 179
2026-07-20 08:19:26,332 [INFO] django.server: "GET /matches/get-seats-status/6/?row_id=430 HTTP/1.1" 200 2972
2026-07-20 08:19:26,332 [INFO] django.server: "GET /matches/get-seats-status/6/?row_id=430 HTTP/1.1" 200 2972
2026-07-20 08:19:29,106 [INFO] django.server: "POST /tickets/reserve/6/ HTTP/1.1" 302 0
2026-07-20 08:19:29,106 [INFO] django.server: "POST /tickets/reserve/6/ HTTP/1.1" 302 0
2026-07-20 08:19:29,161 [INFO] django.server: "GET /tickets/ticket-info/6/ HTTP/1.1" 200 65348
2026-07-20 08:19:29,161 [INFO] django.server: "GET /tickets/ticket-info/6/ HTTP/1.1" 200 65348
2026-07-20 08:19:29,267 [WARNING] django.server: "GET /static/css/style.css HTTP/1.1" 404 179
2026-07-20 08:19:29,267 [WARNING] django.server: "GET /static/css/style.css HTTP/1.1" 404 179
2026-07-20 08:19:29,285 [WARNING] django.server: "GET /static/img/sepahan-logo.png HTTP/1.1" 404 179
2026-07-20 08:19:29,285 [WARNING] django.server: "GET /static/img/sepahan-logo.png HTTP/1.1" 404 179
2026-07-20 08:19:29,289 [WARNING] django.server: "GET /static/js/script.js HTTP/1.1" 404 179
2026-07-20 08:19:29,289 [WARNING] django.server: "GET /static/js/script.js HTTP/1.1" 404 179
2026-07-20 08:19:29,327 [WARNING] django.server: "GET /static/js/script.js HTTP/1.1" 404 179
2026-07-20 08:19:29,327 [WARNING] django.server: "GET /static/js/script.js HTTP/1.1" 404 179
2026-07-20 08:19:52,419 [INFO] django.server: "POST /tickets/inquiry-fan/ HTTP/1.1" 200 61
2026-07-20 08:19:52,419 [INFO] django.server: "POST /tickets/inquiry-fan/ HTTP/1.1" 200 61
2026-07-20 08:19:53,841 [INFO] payments.views: ===== وارد ویو payment_request شد =====
2026-07-20 08:19:55,371 [INFO] django.server: "POST /payments/request/ HTTP/1.1" 302 0
2026-07-20 08:19:55,371 [INFO] django.server: "POST /payments/request/ HTTP/1.1" 302 0
2026-07-20 08:20:01,524 [INFO] tickets.models: QR path: /home/kasra/Desktop/ticket.sepahansc/football_tickets/media/qr_codes/ticket_726475327531.png
2026-07-20 08:20:01,524 [INFO] tickets.models: QR read successfully, length: 1204
2026-07-20 08:20:01,524 [INFO] weasyprint.progress: Step 1 - Fetching and parsing HTML - HTML string
2026-07-20 08:20:01,547 [INFO] weasyprint.progress: Step 2 - Fetching and parsing CSS - CSS string
2026-07-20 08:20:01,548 [WARNING] weasyprint: Ignored `box-shadow: 0 4px 20px rgba(0, 0, 0, 0.15)` at 25:13, unknown property.
2026-07-20 08:20:01,550 [INFO] weasyprint.progress: Step 3 - Applying CSS
2026-07-20 08:20:01,552 [INFO] weasyprint.progress: Step 4 - Creating formatting structure
2026-07-20 08:20:01,561 [INFO] weasyprint.progress: Step 5 - Creating layout - Page 1
2026-07-20 08:20:01,954 [INFO] weasyprint.progress: Step 6 - Creating PDF
2026-07-20 08:20:02,000 [INFO] weasyprint.progress: Step 7 - Adding PDF metadata
2026-07-20 08:20:02,036 [INFO] django.server: "GET /payments/verify/?success=1&status=2&trackId=4689658514 HTTP/1.1" 302 0
2026-07-20 08:20:02,036 [INFO] django.server: "GET /payments/verify/?success=1&status=2&trackId=4689658514 HTTP/1.1" 302 0
2026-07-20 08:20:02,165 [INFO] django.server: "GET /tickets/my-tickets/ HTTP/1.1" 200 277007
2026-07-20 08:20:02,165 [INFO] django.server: "GET /tickets/my-tickets/ HTTP/1.1" 200 277007
2026-07-20 08:20:02,222 [WARNING] django.server: "GET /static/img/sepahan-logo.png HTTP/1.1" 404 179
2026-07-20 08:20:02,222 [WARNING] django.server: "GET /static/img/sepahan-logo.png HTTP/1.1" 404 179
2026-07-20 08:20:02,223 [WARNING] django.server: "GET /static/css/style.css HTTP/1.1" 404 179
2026-07-20 08:20:02,223 [WARNING] django.server: "GET /static/css/style.css HTTP/1.1" 404 179
2026-07-20 08:20:02,225 [WARNING] django.server: "GET /static/js/script.js HTTP/1.1" 404 179
2026-07-20 08:20:02,225 [WARNING] django.server: "GET /static/js/script.js HTTP/1.1" 404 179
2026-07-20 08:20:02,649 [WARNING] django.server: "GET /static/js/script.js HTTP/1.1" 404 179
2026-07-20 08:20:02,649 [WARNING] django.server: "GET /static/js/script.js HTTP/1.1" 404 179
2026-07-20 08:22:55,045 [INFO] django.server: "GET /matches/ HTTP/1.1" 200 63945
2026-07-20 08:22:55,045 [INFO] django.server: "GET /matches/ HTTP/1.1" 200 63945
2026-07-20 08:22:55,110 [WARNING] django.server: "GET /static/css/style.css HTTP/1.1" 404 179
2026-07-20 08:22:55,110 [WARNING] django.server: "GET /static/css/style.css HTTP/1.1" 404 179
2026-07-20 08:22:55,116 [WARNING] django.server: "GET /static/img/sepahan-logo.png HTTP/1.1" 404 179
2026-07-20 08:22:55,116 [WARNING] django.server: "GET /static/img/sepahan-logo.png HTTP/1.1" 404 179
2026-07-20 08:22:55,118 [WARNING] django.server: "GET /media/team_logos/sepahan-logo_vQMfqRE.png HTTP/1.1" 404 179
2026-07-20 08:22:55,118 [WARNING] django.server: "GET /media/team_logos/sepahan-logo_vQMfqRE.png HTTP/1.1" 404 179
2026-07-20 08:22:55,120 [WARNING] django.server: "GET /media/team_logos/sepahan-logo_HyT5LEZ.png HTTP/1.1" 404 179
2026-07-20 08:22:55,120 [WARNING] django.server: "GET /media/team_logos/sepahan-logo_HyT5LEZ.png HTTP/1.1" 404 179
2026-07-20 08:22:55,121 [WARNING] django.server: "GET /media/team_logos/profile.webp HTTP/1.1" 404 179
2026-07-20 08:22:55,121 [WARNING] django.server: "GET /media/team_logos/profile.webp HTTP/1.1" 404 179
2026-07-20 08:22:55,122 [WARNING] django.server: "GET /media/team_logos/fc-persepolis-seeklogo_1m2k1d1.png HTTP/1.1" 404 179
2026-07-20 08:22:55,122 [WARNING] django.server: "GET /media/team_logos/fc-persepolis-seeklogo_1m2k1d1.png HTTP/1.1" 404 179
2026-07-20 08:22:55,144 [WARNING] django.server: "GET /static/js/script.js HTTP/1.1" 404 179
2026-07-20 08:22:55,144 [WARNING] django.server: "GET /static/js/script.js HTTP/1.1" 404 179
2026-07-20 08:22:55,145 [WARNING] django.server: "GET /media/team_logos/iran_tractor_1500x1500_0Lnfd4g.football-logos.cc.png HTTP/1.1" 404 179
2026-07-20 08:22:55,145 [WARNING] django.server: "GET /media/team_logos/iran_tractor_1500x1500_0Lnfd4g.football-logos.cc.png HTTP/1.1" 404 179
2026-07-20 08:22:55,146 [WARNING] django.server: "GET /media/team_logos/sepahan-logo_AqvyGY8.png HTTP/1.1" 404 179
2026-07-20 08:22:55,146 [WARNING] django.server: "GET /media/team_logos/sepahan-logo_AqvyGY8.png HTTP/1.1" 404 179
2026-07-20 08:22:55,180 [WARNING] django.server: "GET /static/img/lion-roar.png HTTP/1.1" 404 179
2026-07-20 08:22:55,180 [WARNING] django.server: "GET /static/img/lion-roar.png HTTP/1.1" 404 179
2026-07-20 08:22:55,589 [WARNING] django.server: "GET /static/js/script.js HTTP/1.1" 404 179
2026-07-20 08:22:55,589 [WARNING] django.server: "GET /static/js/script.js HTTP/1.1" 404 179
2026-07-20 08:22:56,336 [INFO] django.server: "GET /matches/select-floor/6/ HTTP/1.1" 200 36392
2026-07-20 08:22:56,336 [INFO] django.server: "GET /matches/select-floor/6/ HTTP/1.1" 200 36392
2026-07-20 08:22:56,382 [WARNING] django.server: "GET /static/css/style.css HTTP/1.1" 404 179
2026-07-20 08:22:56,382 [WARNING] django.server: "GET /static/css/style.css HTTP/1.1" 404 179
2026-07-20 08:22:56,382 [WARNING] django.server: "GET /static/img/sepahan-logo.png HTTP/1.1" 404 179
2026-07-20 08:22:56,382 [WARNING] django.server: "GET /static/img/sepahan-logo.png HTTP/1.1" 404 179
2026-07-20 08:22:56,388 [WARNING] django.server: "GET /static/js/script.js HTTP/1.1" 404 179
2026-07-20 08:22:56,388 [WARNING] django.server: "GET /static/js/script.js HTTP/1.1" 404 179
2026-07-20 08:22:56,798 [WARNING] django.server: "GET /static/js/script.js HTTP/1.1" 404 179
2026-07-20 08:22:56,798 [WARNING] django.server: "GET /static/js/script.js HTTP/1.1" 404 179
2026-07-20 08:22:57,209 [INFO] django.server: "POST /matches/select-floor/6/ HTTP/1.1" 302 0
2026-07-20 08:22:57,209 [INFO] django.server: "POST /matches/select-floor/6/ HTTP/1.1" 302 0
2026-07-20 08:22:57,408 [INFO] django.server: "GET /matches/select-block/6/ HTTP/1.1" 200 126805
2026-07-20 08:22:57,408 [INFO] django.server: "GET /matches/select-block/6/ HTTP/1.1" 200 126805
2026-07-20 08:22:57,455 [WARNING] django.server: "GET /static/css/style.css HTTP/1.1" 404 179
2026-07-20 08:22:57,455 [WARNING] django.server: "GET /static/css/style.css HTTP/1.1" 404 179
2026-07-20 08:22:57,457 [WARNING] django.server: "GET /static/img/sepahan-logo.png HTTP/1.1" 404 179
2026-07-20 08:22:57,457 [WARNING] django.server: "GET /static/img/sepahan-logo.png HTTP/1.1" 404 179
2026-07-20 08:22:57,457 [WARNING] django.server: "GET /media/team_logos/profile.webp HTTP/1.1" 404 179
2026-07-20 08:22:57,457 [WARNING] django.server: "GET /media/team_logos/profile.webp HTTP/1.1" 404 179
2026-07-20 08:22:57,458 [WARNING] django.server: "GET /static/img/staduim.png HTTP/1.1" 404 179
2026-07-20 08:22:57,458 [WARNING] django.server: "GET /static/img/staduim.png HTTP/1.1" 404 179
2026-07-20 08:22:57,460 [WARNING] django.server: "GET /media/team_logos/sepahan-logo_vQMfqRE.png HTTP/1.1" 404 179
2026-07-20 08:22:57,460 [WARNING] django.server: "GET /media/team_logos/sepahan-logo_vQMfqRE.png HTTP/1.1" 404 179
2026-07-20 08:22:57,461 [WARNING] django.server: "GET /static/js/script.js HTTP/1.1" 404 179
2026-07-20 08:22:57,461 [WARNING] django.server: "GET /static/js/script.js HTTP/1.1" 404 179
2026-07-20 08:22:57,479 [WARNING] django.server: "GET /static/js/script.js HTTP/1.1" 404 179
2026-07-20 08:22:57,479 [WARNING] django.server: "GET /static/js/script.js HTTP/1.1" 404 179
2026-07-20 08:22:57,536 [WARNING] django.server: "GET /media/stadium_images/photo_%DB%B2%DB%B0%DB%B1%DB%B9-%DB%B1%DB%B1-%DB%B2%DB%B8_%DB%B1%DB%B2-%DB%B4%DB%B8-%DB%B5%DB%B3.jpg HTTP/1.1" 404 179
2026-07-20 08:22:57,536 [WARNING] django.server: "GET /media/stadium_images/photo_%DB%B2%DB%B0%DB%B1%DB%B9-%DB%B1%DB%B1-%DB%B2%DB%B8_%DB%B1%DB%B2-%DB%B4%DB%B8-%DB%B5%DB%B3.jpg HTTP/1.1" 404 179
2026-07-20 08:22:59,606 [INFO] django.server: "POST /matches/select-block/6/ HTTP/1.1" 302 0
2026-07-20 08:22:59,606 [INFO] django.server: "POST /matches/select-block/6/ HTTP/1.1" 302 0
2026-07-20 08:23:00,325 [INFO] django.server: "GET /matches/match/6/block-map/ HTTP/1.1" 200 440380
2026-07-20 08:23:00,325 [INFO] django.server: "GET /matches/match/6/block-map/ HTTP/1.1" 200 440380
2026-07-20 08:23:00,397 [WARNING] django.server: "GET /static/img/sepahan-logo.png HTTP/1.1" 404 179
2026-07-20 08:23:00,397 [WARNING] django.server: "GET /static/img/sepahan-logo.png HTTP/1.1" 404 179
2026-07-20 08:23:00,398 [WARNING] django.server: "GET /static/css/style.css HTTP/1.1" 404 179
2026-07-20 08:23:00,398 [WARNING] django.server: "GET /static/css/style.css HTTP/1.1" 404 179
2026-07-20 08:23:00,398 [WARNING] django.server: "GET /static/js/script.js HTTP/1.1" 404 179
2026-07-20 08:23:00,398 [WARNING] django.server: "GET /static/js/script.js HTTP/1.1" 404 179
2026-07-20 08:23:00,418 [WARNING] django.server: "GET /static/js/script.js HTTP/1.1" 404 179
2026-07-20 08:23:00,418 [WARNING] django.server: "GET /static/js/script.js HTTP/1.1" 404 179
2026-07-20 08:23:01,083 [INFO] django.server: "GET /matches/get-seats-status/6/?row_id=265 HTTP/1.1" 200 2972
2026-07-20 08:23:01,083 [INFO] django.server: "GET /matches/get-seats-status/6/?row_id=265 HTTP/1.1" 200 2972
2026-07-20 08:23:04,134 [INFO] django.server: "POST /tickets/reserve/6/ HTTP/1.1" 302 0
2026-07-20 08:23:04,134 [INFO] django.server: "POST /tickets/reserve/6/ HTTP/1.1" 302 0
2026-07-20 08:23:04,157 [INFO] django.server: "GET /tickets/ticket-info/6/ HTTP/1.1" 200 70993
2026-07-20 08:23:04,157 [INFO] django.server: "GET /tickets/ticket-info/6/ HTTP/1.1" 200 70993
2026-07-20 08:23:04,209 [WARNING] django.server: "GET /static/css/style.css HTTP/1.1" 404 179
2026-07-20 08:23:04,209 [WARNING] django.server: "GET /static/css/style.css HTTP/1.1" 404 179
2026-07-20 08:23:04,210 [WARNING] django.server: "GET /static/img/sepahan-logo.png HTTP/1.1" 404 179
2026-07-20 08:23:04,210 [WARNING] django.server: "GET /static/img/sepahan-logo.png HTTP/1.1" 404 179
2026-07-20 08:23:04,211 [WARNING] django.server: "GET /static/js/script.js HTTP/1.1" 404 179
2026-07-20 08:23:04,211 [WARNING] django.server: "GET /static/js/script.js HTTP/1.1" 404 179
2026-07-20 08:23:04,235 [WARNING] django.server: "GET /static/js/script.js HTTP/1.1" 404 179
2026-07-20 08:23:04,235 [WARNING] django.server: "GET /static/js/script.js HTTP/1.1" 404 179
2026-07-20 08:24:00,122 [INFO] django.server: "POST /tickets/inquiry-fan/ HTTP/1.1" 200 61
2026-07-20 08:24:00,122 [INFO] django.server: "POST /tickets/inquiry-fan/ HTTP/1.1" 200 61
2026-07-20 08:24:02,579 [INFO] django.server: "POST /tickets/inquiry-fan/ HTTP/1.1" 200 61
2026-07-20 08:24:02,579 [INFO] django.server: "POST /tickets/inquiry-fan/ HTTP/1.1" 200 61
2026-07-20 08:24:04,030 [INFO] payments.views: ===== وارد ویو payment_request شد =====
2026-07-20 08:24:04,824 [INFO] django.server: "POST /payments/request/ HTTP/1.1" 302 0
2026-07-20 08:24:04,824 [INFO] django.server: "POST /payments/request/ HTTP/1.1" 302 0
2026-07-20 08:24:08,293 [ERROR] payments.views: خطا در تایید پرداخت: ZibalError: An error occurred during the payment verification: transaction failed
2026-07-20 08:24:08,304 [INFO] django.server: "GET /payments/verify/?success=0&status=3&trackId=4689663341 HTTP/1.1" 302 0
2026-07-20 08:24:08,304 [INFO] django.server: "GET /payments/verify/?success=0&status=3&trackId=4689663341 HTTP/1.1" 302 0
2026-07-20 08:24:08,432 [INFO] django.server: "GET /tickets/my-tickets/ HTTP/1.1" 200 277004
2026-07-20 08:24:08,432 [INFO] django.server: "GET /tickets/my-tickets/ HTTP/1.1" 200 277004
2026-07-20 08:24:08,482 [WARNING] django.server: "GET /static/img/sepahan-logo.png HTTP/1.1" 404 179
2026-07-20 08:24:08,482 [WARNING] django.server: "GET /static/img/sepahan-logo.png HTTP/1.1" 404 179
2026-07-20 08:24:08,483 [WARNING] django.server: "GET /static/css/style.css HTTP/1.1" 404 179
2026-07-20 08:24:08,483 [WARNING] django.server: "GET /static/css/style.css HTTP/1.1" 404 179
2026-07-20 08:24:08,483 [WARNING] django.server: "GET /static/js/script.js HTTP/1.1" 404 179
2026-07-20 08:24:08,483 [WARNING] django.server: "GET /static/js/script.js HTTP/1.1" 404 179
2026-07-20 08:24:09,209 [WARNING] django.server: "GET /static/js/script.js HTTP/1.1" 404 179
2026-07-20 08:24:09,209 [WARNING] django.server: "GET /static/js/script.js HTTP/1.1" 404 179
2026-07-20 08:29:29,269 [INFO] django.utils.autoreload: /home/kasra/Desktop/ticket.sepahansc/football_tickets/payments/views.py changed, reloading.
2026-07-20 08:29:29,269 [INFO] django.utils.autoreload: /home/kasra/Desktop/ticket.sepahansc/football_tickets/payments/views.py changed, reloading.
2026-07-20 08:29:30,318 [INFO] weasyprint.progress: Step 2 - Fetching and parsing CSS - CSS string
2026-07-20 08:29:30,365 [INFO] weasyprint.progress: Step 2 - Fetching and parsing CSS - CSS string
2026-07-20 08:29:30,374 [INFO] weasyprint.progress: Step 2 - Fetching and parsing CSS - CSS string
2026-07-20 08:29:30,578 [INFO] django.utils.autoreload: Watching for file changes with StatReloader
2026-07-20 08:29:30,578 [INFO] django.utils.autoreload: Watching for file changes with StatReloader
2026-07-20 08:59:28,361 [INFO] django.utils.autoreload: /home/kasra/Desktop/ticket.sepahansc/football_tickets/tickets/views.py changed, reloading.
2026-07-20 08:59:28,361 [INFO] django.utils.autoreload: /home/kasra/Desktop/ticket.sepahansc/football_tickets/tickets/views.py changed, reloading.
2026-07-20 08:59:29,395 [INFO] weasyprint.progress: Step 2 - Fetching and parsing CSS - CSS string
2026-07-20 08:59:29,444 [INFO] weasyprint.progress: Step 2 - Fetching and parsing CSS - CSS string
2026-07-20 08:59:29,453 [INFO] weasyprint.progress: Step 2 - Fetching and parsing CSS - CSS string
2026-07-20 08:59:29,650 [INFO] django.utils.autoreload: Watching for file changes with StatReloader
2026-07-20 08:59:29,650 [INFO] django.utils.autoreload: Watching for file changes with StatReloader
2026-07-20 09:02:55,750 [INFO] django.utils.autoreload: /home/kasra/Desktop/ticket.sepahansc/football_tickets/payments/views.py changed, reloading.
2026-07-20 09:02:55,750 [INFO] django.utils.autoreload: /home/kasra/Desktop/ticket.sepahansc/football_tickets/payments/views.py changed, reloading.
2026-07-20 09:02:56,391 [INFO] weasyprint.progress: Step 2 - Fetching and parsing CSS - CSS string
2026-07-20 09:02:56,423 [INFO] weasyprint.progress: Step 2 - Fetching and parsing CSS - CSS string
2026-07-20 09:02:56,428 [INFO] weasyprint.progress: Step 2 - Fetching and parsing CSS - CSS string
2026-07-20 09:02:56,560 [INFO] django.utils.autoreload: Watching for file changes with StatReloader
2026-07-20 09:02:56,560 [INFO] django.utils.autoreload: Watching for file changes with StatReloader
2026-07-20 09:02:59,980 [INFO] django.server: "GET /tickets/my-tickets/ HTTP/1.1" 200 276446
2026-07-20 09:02:59,980 [INFO] django.server: "GET /tickets/my-tickets/ HTTP/1.1" 200 276446
2026-07-20 09:03:00,034 [WARNING] django.server: "GET /static/css/style.css HTTP/1.1" 404 179
2026-07-20 09:03:00,034 [WARNING] django.server: "GET /static/css/style.css HTTP/1.1" 404 179
2026-07-20 09:03:00,037 [WARNING] django.server: "GET /static/img/sepahan-logo.png HTTP/1.1" 404 179
2026-07-20 09:03:00,037 [WARNING] django.server: "GET /static/img/sepahan-logo.png HTTP/1.1" 404 179
2026-07-20 09:03:00,038 [WARNING] django.server: "GET /static/js/script.js HTTP/1.1" 404 179
2026-07-20 09:03:00,038 [WARNING] django.server: "GET /static/js/script.js HTTP/1.1" 404 179
2026-07-20 09:03:00,511 [WARNING] django.server: "GET /static/js/script.js HTTP/1.1" 404 179
2026-07-20 09:03:00,511 [WARNING] django.server: "GET /static/js/script.js HTTP/1.1" 404 179
2026-07-20 09:27:27,116 [INFO] django.server: "GET /matches/ HTTP/1.1" 200 63945
2026-07-20 09:27:27,116 [INFO] django.server: "GET /matches/ HTTP/1.1" 200 63945
2026-07-20 09:27:27,184 [WARNING] django.server: "GET /static/css/style.css HTTP/1.1" 404 179
2026-07-20 09:27:27,184 [WARNING] django.server: "GET /static/css/style.css HTTP/1.1" 404 179
2026-07-20 09:27:27,188 [WARNING] django.server: "GET /media/team_logos/sepahan-logo_vQMfqRE.png HTTP/1.1" 404 179
2026-07-20 09:27:27,188 [WARNING] django.server: "GET /media/team_logos/sepahan-logo_vQMfqRE.png HTTP/1.1" 404 179
2026-07-20 09:27:27,189 [WARNING] django.server: "GET /media/team_logos/profile.webp HTTP/1.1" 404 179
2026-07-20 09:27:27,189 [WARNING] django.server: "GET /media/team_logos/profile.webp HTTP/1.1" 404 179
2026-07-20 09:27:27,190 [WARNING] django.server: "GET /static/img/sepahan-logo.png HTTP/1.1" 404 179
2026-07-20 09:27:27,190 [WARNING] django.server: "GET /static/img/sepahan-logo.png HTTP/1.1" 404 179
2026-07-20 09:27:27,200 [WARNING] django.server: "GET /media/team_logos/fc-persepolis-seeklogo_1m2k1d1.png HTTP/1.1" 404 179
2026-07-20 09:27:27,200 [WARNING] django.server: "GET /media/team_logos/fc-persepolis-seeklogo_1m2k1d1.png HTTP/1.1" 404 179
2026-07-20 09:27:27,201 [WARNING] django.server: "GET /media/team_logos/sepahan-logo_HyT5LEZ.png HTTP/1.1" 404 179
2026-07-20 09:27:27,201 [WARNING] django.server: "GET /media/team_logos/sepahan-logo_HyT5LEZ.png HTTP/1.1" 404 179
2026-07-20 09:27:27,208 [WARNING] django.server: "GET /static/js/script.js HTTP/1.1" 404 179
2026-07-20 09:27:27,208 [WARNING] django.server: "GET /static/js/script.js HTTP/1.1" 404 179
2026-07-20 09:27:27,211 [WARNING] django.server: "GET /media/team_logos/sepahan-logo_AqvyGY8.png HTTP/1.1" 404 179
2026-07-20 09:27:27,211 [WARNING] django.server: "GET /media/team_logos/sepahan-logo_AqvyGY8.png HTTP/1.1" 404 179
2026-07-20 09:27:27,214 [WARNING] django.server: "GET /media/team_logos/iran_tractor_1500x1500_0Lnfd4g.football-logos.cc.png HTTP/1.1" 404 179
2026-07-20 09:27:27,214 [WARNING] django.server: "GET /media/team_logos/iran_tractor_1500x1500_0Lnfd4g.football-logos.cc.png HTTP/1.1" 404 179
2026-07-20 09:27:27,276 [WARNING] django.server: "GET /static/img/lion-roar.png HTTP/1.1" 404 179
2026-07-20 09:27:27,276 [WARNING] django.server: "GET /static/img/lion-roar.png HTTP/1.1" 404 179
2026-07-20 09:27:27,532 [WARNING] django.server: "GET /static/js/script.js HTTP/1.1" 404 179
2026-07-20 09:27:27,532 [WARNING] django.server: "GET /static/js/script.js HTTP/1.1" 404 179
2026-07-20 09:27:28,412 [INFO] django.server: "GET /matches/select-floor/6/ HTTP/1.1" 200 36392
2026-07-20 09:27:28,412 [INFO] django.server: "GET /matches/select-floor/6/ HTTP/1.1" 200 36392
2026-07-20 09:27:28,474 [WARNING] django.server: "GET /static/css/style.css HTTP/1.1" 404 179
2026-07-20 09:27:28,474 [WARNING] django.server: "GET /static/css/style.css HTTP/1.1" 404 179
2026-07-20 09:27:28,475 [WARNING] django.server: "GET /static/img/sepahan-logo.png HTTP/1.1" 404 179
2026-07-20 09:27:28,475 [WARNING] django.server: "GET /static/img/sepahan-logo.png HTTP/1.1" 404 179
2026-07-20 09:27:28,479 [WARNING] django.server: "GET /static/js/script.js HTTP/1.1" 404 179
2026-07-20 09:27:28,479 [WARNING] django.server: "GET /static/js/script.js HTTP/1.1" 404 179
2026-07-20 09:27:28,729 [WARNING] django.server: "GET /static/js/script.js HTTP/1.1" 404 179
2026-07-20 09:27:28,729 [WARNING] django.server: "GET /static/js/script.js HTTP/1.1" 404 179
2026-07-20 09:27:29,476 [INFO] django.server: "POST /matches/select-floor/6/ HTTP/1.1" 302 0
2026-07-20 09:27:29,476 [INFO] django.server: "POST /matches/select-floor/6/ HTTP/1.1" 302 0
2026-07-20 09:27:29,664 [INFO] django.server: "GET /matches/select-block/6/ HTTP/1.1" 200 126807
2026-07-20 09:27:29,664 [INFO] django.server: "GET /matches/select-block/6/ HTTP/1.1" 200 126807
2026-07-20 09:27:29,759 [WARNING] django.server: "GET /static/css/style.css HTTP/1.1" 404 179
2026-07-20 09:27:29,759 [WARNING] django.server: "GET /static/css/style.css HTTP/1.1" 404 179
2026-07-20 09:27:29,759 [WARNING] django.server: "GET /static/img/sepahan-logo.png HTTP/1.1" 404 179
2026-07-20 09:27:29,759 [WARNING] django.server: "GET /static/img/sepahan-logo.png HTTP/1.1" 404 179
2026-07-20 09:27:29,760 [WARNING] django.server: "GET /static/img/staduim.png HTTP/1.1" 404 179
2026-07-20 09:27:29,760 [WARNING] django.server: "GET /static/img/staduim.png HTTP/1.1" 404 179
2026-07-20 09:27:29,769 [WARNING] django.server: "GET /media/team_logos/sepahan-logo_vQMfqRE.png HTTP/1.1" 404 179
2026-07-20 09:27:29,769 [WARNING] django.server: "GET /media/team_logos/sepahan-logo_vQMfqRE.png HTTP/1.1" 404 179
2026-07-20 09:27:29,769 [WARNING] django.server: "GET /media/team_logos/profile.webp HTTP/1.1" 404 179
2026-07-20 09:27:29,769 [WARNING] django.server: "GET /media/team_logos/profile.webp HTTP/1.1" 404 179
2026-07-20 09:27:29,770 [WARNING] django.server: "GET /static/js/script.js HTTP/1.1" 404 179
2026-07-20 09:27:29,770 [WARNING] django.server: "GET /static/js/script.js HTTP/1.1" 404 179
2026-07-20 09:27:29,788 [WARNING] django.server: "GET /static/js/script.js HTTP/1.1" 404 179
2026-07-20 09:27:29,788 [WARNING] django.server: "GET /static/js/script.js HTTP/1.1" 404 179
2026-07-20 09:27:29,844 [WARNING] django.server: "GET /media/stadium_images/photo_%DB%B2%DB%B0%DB%B1%DB%B9-%DB%B1%DB%B1-%DB%B2%DB%B8_%DB%B1%DB%B2-%DB%B4%DB%B8-%DB%B5%DB%B3.jpg HTTP/1.1" 404 179
2026-07-20 09:27:29,844 [WARNING] django.server: "GET /media/stadium_images/photo_%DB%B2%DB%B0%DB%B1%DB%B9-%DB%B1%DB%B1-%DB%B2%DB%B8_%DB%B1%DB%B2-%DB%B4%DB%B8-%DB%B5%DB%B3.jpg HTTP/1.1" 404 179
2026-07-20 09:27:31,633 [INFO] django.server: "POST /matches/select-block/6/ HTTP/1.1" 302 0
2026-07-20 09:27:31,633 [INFO] django.server: "POST /matches/select-block/6/ HTTP/1.1" 302 0
2026-07-20 09:27:32,085 [INFO] django.server: "GET /matches/match/6/block-map/ HTTP/1.1" 200 478347
2026-07-20 09:27:32,085 [INFO] django.server: "GET /matches/match/6/block-map/ HTTP/1.1" 200 478347
2026-07-20 09:27:32,140 [WARNING] django.server: "GET /static/img/sepahan-logo.png HTTP/1.1" 404 179
2026-07-20 09:27:32,140 [WARNING] django.server: "GET /static/img/sepahan-logo.png HTTP/1.1" 404 179
2026-07-20 09:27:32,141 [WARNING] django.server: "GET /static/css/style.css HTTP/1.1" 404 179
2026-07-20 09:27:32,141 [WARNING] django.server: "GET /static/css/style.css HTTP/1.1" 404 179
2026-07-20 09:27:32,141 [WARNING] django.server: "GET /static/js/script.js HTTP/1.1" 404 179
2026-07-20 09:27:32,141 [WARNING] django.server: "GET /static/js/script.js HTTP/1.1" 404 179
2026-07-20 09:27:32,166 [WARNING] django.server: "GET /static/js/script.js HTTP/1.1" 404 179
2026-07-20 09:27:32,166 [WARNING] django.server: "GET /static/js/script.js HTTP/1.1" 404 179
2026-07-20 09:27:32,771 [INFO] django.server: "GET /matches/get-seats-status/6/?row_id=430 HTTP/1.1" 200 2972
2026-07-20 09:27:32,771 [INFO] django.server: "GET /matches/get-seats-status/6/?row_id=430 HTTP/1.1" 200 2972
2026-07-20 09:27:35,697 [INFO] django.server: "POST /tickets/reserve/6/ HTTP/1.1" 302 0
2026-07-20 09:27:35,697 [INFO] django.server: "POST /tickets/reserve/6/ HTTP/1.1" 302 0
2026-07-20 09:27:35,725 [INFO] django.server: "GET /tickets/ticket-info/6/ HTTP/1.1" 200 65348
2026-07-20 09:27:35,725 [INFO] django.server: "GET /tickets/ticket-info/6/ HTTP/1.1" 200 65348
2026-07-20 09:27:35,779 [WARNING] django.server: "GET /static/img/sepahan-logo.png HTTP/1.1" 404 179
2026-07-20 09:27:35,779 [WARNING] django.server: "GET /static/img/sepahan-logo.png HTTP/1.1" 404 179
2026-07-20 09:27:35,779 [WARNING] django.server: "GET /static/css/style.css HTTP/1.1" 404 179
2026-07-20 09:27:35,779 [WARNING] django.server: "GET /static/css/style.css HTTP/1.1" 404 179
2026-07-20 09:27:35,782 [WARNING] django.server: "GET /static/js/script.js HTTP/1.1" 404 179
2026-07-20 09:27:35,782 [WARNING] django.server: "GET /static/js/script.js HTTP/1.1" 404 179
2026-07-20 09:27:36,112 [WARNING] django.server: "GET /static/js/script.js HTTP/1.1" 404 179
2026-07-20 09:27:36,112 [WARNING] django.server: "GET /static/js/script.js HTTP/1.1" 404 179
2026-07-20 09:28:01,324 [INFO] django.server: "POST /tickets/inquiry-fan/ HTTP/1.1" 200 61
2026-07-20 09:28:01,324 [INFO] django.server: "POST /tickets/inquiry-fan/ HTTP/1.1" 200 61
2026-07-20 09:28:04,239 [INFO] payments.views: ===== وارد ویو payment_request شد =====
2026-07-20 09:28:05,208 [INFO] django.server: "POST /payments/request/ HTTP/1.1" 302 0
2026-07-20 09:28:05,208 [INFO] django.server: "POST /payments/request/ HTTP/1.1" 302 0
2026-07-20 09:28:21,378 [ERROR] payments.views: خطا در تایید پرداخت: ZibalError: An error occurred during the payment verification: transaction failed
2026-07-20 09:28:21,389 [INFO] django.server: "GET /payments/verify/?success=0&status=3&trackId=4689750379 HTTP/1.1" 302 0
2026-07-20 09:28:21,389 [INFO] django.server: "GET /payments/verify/?success=0&status=3&trackId=4689750379 HTTP/1.1" 302 0
2026-07-20 09:28:21,517 [INFO] django.server: "GET /tickets/my-tickets/ HTTP/1.1" 200 277004
2026-07-20 09:28:21,517 [INFO] django.server: "GET /tickets/my-tickets/ HTTP/1.1" 200 277004
2026-07-20 09:28:21,576 [WARNING] django.server: "GET /static/css/style.css HTTP/1.1" 404 179
2026-07-20 09:28:21,576 [WARNING] django.server: "GET /static/css/style.css HTTP/1.1" 404 179
2026-07-20 09:28:21,577 [WARNING] django.server: "GET /static/js/script.js HTTP/1.1" 404 179
2026-07-20 09:28:21,577 [WARNING] django.server: "GET /static/js/script.js HTTP/1.1" 404 179
2026-07-20 09:28:21,578 [WARNING] django.server: "GET /static/img/sepahan-logo.png HTTP/1.1" 404 179
2026-07-20 09:28:21,578 [WARNING] django.server: "GET /static/img/sepahan-logo.png HTTP/1.1" 404 179
2026-07-20 09:28:21,816 [WARNING] django.server: "GET /static/js/script.js HTTP/1.1" 404 179
2026-07-20 09:28:21,816 [WARNING] django.server: "GET /static/js/script.js HTTP/1.1" 404 179
2026-07-20 09:28:36,700 [INFO] django.server: "GET /matches/ HTTP/1.1" 200 63945
2026-07-20 09:28:36,700 [INFO] django.server: "GET /matches/ HTTP/1.1" 200 63945
2026-07-20 09:28:36,757 [WARNING] django.server: "GET /static/css/style.css HTTP/1.1" 404 179
2026-07-20 09:28:36,757 [WARNING] django.server: "GET /static/css/style.css HTTP/1.1" 404 179
2026-07-20 09:28:36,767 [WARNING] django.server: "GET /static/img/sepahan-logo.png HTTP/1.1" 404 179
2026-07-20 09:28:36,767 [WARNING] django.server: "GET /static/img/sepahan-logo.png HTTP/1.1" 404 179
2026-07-20 09:28:36,768 [WARNING] django.server: "GET /media/team_logos/fc-persepolis-seeklogo_1m2k1d1.png HTTP/1.1" 404 179
2026-07-20 09:28:36,768 [WARNING] django.server: "GET /media/team_logos/fc-persepolis-seeklogo_1m2k1d1.png HTTP/1.1" 404 179
2026-07-20 09:28:36,769 [WARNING] django.server: "GET /media/team_logos/sepahan-logo_HyT5LEZ.png HTTP/1.1" 404 179
2026-07-20 09:28:36,769 [WARNING] django.server: "GET /media/team_logos/sepahan-logo_HyT5LEZ.png HTTP/1.1" 404 179
2026-07-20 09:28:36,770 [WARNING] django.server: "GET /media/team_logos/profile.webp HTTP/1.1" 404 179
2026-07-20 09:28:36,770 [WARNING] django.server: "GET /media/team_logos/profile.webp HTTP/1.1" 404 179
2026-07-20 09:28:36,770 [WARNING] django.server: "GET /media/team_logos/sepahan-logo_vQMfqRE.png HTTP/1.1" 404 179
2026-07-20 09:28:36,770 [WARNING] django.server: "GET /media/team_logos/sepahan-logo_vQMfqRE.png HTTP/1.1" 404 179
2026-07-20 09:28:36,779 [WARNING] django.server: "GET /static/js/script.js HTTP/1.1" 404 179
2026-07-20 09:28:36,779 [WARNING] django.server: "GET /static/js/script.js HTTP/1.1" 404 179
2026-07-20 09:28:36,806 [WARNING] django.server: "GET /media/team_logos/sepahan-logo_AqvyGY8.png HTTP/1.1" 404 179
2026-07-20 09:28:36,806 [WARNING] django.server: "GET /media/team_logos/sepahan-logo_AqvyGY8.png HTTP/1.1" 404 179
2026-07-20 09:28:36,807 [WARNING] django.server: "GET /media/team_logos/iran_tractor_1500x1500_0Lnfd4g.football-logos.cc.png HTTP/1.1" 404 179
2026-07-20 09:28:36,807 [WARNING] django.server: "GET /media/team_logos/iran_tractor_1500x1500_0Lnfd4g.football-logos.cc.png HTTP/1.1" 404 179
2026-07-20 09:28:36,816 [WARNING] django.server: "GET /static/img/lion-roar.png HTTP/1.1" 404 179
2026-07-20 09:28:36,816 [WARNING] django.server: "GET /static/img/lion-roar.png HTTP/1.1" 404 179
2026-07-20 09:28:37,149 [WARNING] django.server: "GET /static/js/script.js HTTP/1.1" 404 179
2026-07-20 09:28:37,149 [WARNING] django.server: "GET /static/js/script.js HTTP/1.1" 404 179
2026-07-20 09:28:38,029 [INFO] django.server: "GET /matches/select-floor/6/ HTTP/1.1" 200 36392
2026-07-20 09:28:38,029 [INFO] django.server: "GET /matches/select-floor/6/ HTTP/1.1" 200 36392
2026-07-20 09:28:38,074 [WARNING] django.server: "GET /static/img/sepahan-logo.png HTTP/1.1" 404 179
2026-07-20 09:28:38,074 [WARNING] django.server: "GET /static/img/sepahan-logo.png HTTP/1.1" 404 179
2026-07-20 09:28:38,075 [WARNING] django.server: "GET /static/css/style.css HTTP/1.1" 404 179
2026-07-20 09:28:38,075 [WARNING] django.server: "GET /static/css/style.css HTTP/1.1" 404 179
2026-07-20 09:28:38,076 [WARNING] django.server: "GET /static/js/script.js HTTP/1.1" 404 179
2026-07-20 09:28:38,076 [WARNING] django.server: "GET /static/js/script.js HTTP/1.1" 404 179
2026-07-20 09:28:38,091 [WARNING] django.server: "GET /static/js/script.js HTTP/1.1" 404 179
2026-07-20 09:28:38,091 [WARNING] django.server: "GET /static/js/script.js HTTP/1.1" 404 179
2026-07-20 09:28:38,893 [INFO] django.server: "POST /matches/select-floor/6/ HTTP/1.1" 302 0
2026-07-20 09:28:38,893 [INFO] django.server: "POST /matches/select-floor/6/ HTTP/1.1" 302 0
2026-07-20 09:28:39,084 [INFO] django.server: "GET /matches/select-block/6/ HTTP/1.1" 200 126807
2026-07-20 09:28:39,084 [INFO] django.server: "GET /matches/select-block/6/ HTTP/1.1" 200 126807
2026-07-20 09:28:39,130 [WARNING] django.server: "GET /static/css/style.css HTTP/1.1" 404 179
2026-07-20 09:28:39,130 [WARNING] django.server: "GET /static/css/style.css HTTP/1.1" 404 179
2026-07-20 09:28:39,137 [WARNING] django.server: "GET /static/img/staduim.png HTTP/1.1" 404 179
2026-07-20 09:28:39,137 [WARNING] django.server: "GET /static/img/staduim.png HTTP/1.1" 404 179
2026-07-20 09:28:39,139 [WARNING] django.server: "GET /static/img/sepahan-logo.png HTTP/1.1" 404 179
2026-07-20 09:28:39,139 [WARNING] django.server: "GET /static/img/sepahan-logo.png HTTP/1.1" 404 179
2026-07-20 09:28:39,140 [WARNING] django.server: "GET /media/team_logos/sepahan-logo_vQMfqRE.png HTTP/1.1" 404 179
2026-07-20 09:28:39,140 [WARNING] django.server: "GET /media/team_logos/sepahan-logo_vQMfqRE.png HTTP/1.1" 404 179
2026-07-20 09:28:39,141 [WARNING] django.server: "GET /media/team_logos/profile.webp HTTP/1.1" 404 179
2026-07-20 09:28:39,141 [WARNING] django.server: "GET /media/team_logos/profile.webp HTTP/1.1" 404 179
2026-07-20 09:28:39,141 [WARNING] django.server: "GET /static/js/script.js HTTP/1.1" 404 179
2026-07-20 09:28:39,141 [WARNING] django.server: "GET /static/js/script.js HTTP/1.1" 404 179
2026-07-20 09:28:39,161 [WARNING] django.server: "GET /static/js/script.js HTTP/1.1" 404 179
2026-07-20 09:28:39,161 [WARNING] django.server: "GET /static/js/script.js HTTP/1.1" 404 179
2026-07-20 09:28:39,213 [WARNING] django.server: "GET /media/stadium_images/photo_%DB%B2%DB%B0%DB%B1%DB%B9-%DB%B1%DB%B1-%DB%B2%DB%B8_%DB%B1%DB%B2-%DB%B4%DB%B8-%DB%B5%DB%B3.jpg HTTP/1.1" 404 179
2026-07-20 09:28:39,213 [WARNING] django.server: "GET /media/stadium_images/photo_%DB%B2%DB%B0%DB%B1%DB%B9-%DB%B1%DB%B1-%DB%B2%DB%B8_%DB%B1%DB%B2-%DB%B4%DB%B8-%DB%B5%DB%B3.jpg HTTP/1.1" 404 179
2026-07-20 09:28:41,938 [INFO] django.server: "POST /matches/select-block/6/ HTTP/1.1" 302 0
2026-07-20 09:28:41,938 [INFO] django.server: "POST /matches/select-block/6/ HTTP/1.1" 302 0
2026-07-20 09:28:42,543 [INFO] django.server: "GET /matches/match/6/block-map/ HTTP/1.1" 200 439496
2026-07-20 09:28:42,543 [INFO] django.server: "GET /matches/match/6/block-map/ HTTP/1.1" 200 439496
2026-07-20 09:28:42,624 [WARNING] django.server: "GET /static/css/style.css HTTP/1.1" 404 179
2026-07-20 09:28:42,624 [WARNING] django.server: "GET /static/css/style.css HTTP/1.1" 404 179
2026-07-20 09:28:42,627 [WARNING] django.server: "GET /static/js/script.js HTTP/1.1" 404 179
2026-07-20 09:28:42,627 [WARNING] django.server: "GET /static/js/script.js HTTP/1.1" 404 179
2026-07-20 09:28:42,630 [WARNING] django.server: "GET /static/img/sepahan-logo.png HTTP/1.1" 404 179
2026-07-20 09:28:42,630 [WARNING] django.server: "GET /static/img/sepahan-logo.png HTTP/1.1" 404 179
2026-07-20 09:28:43,060 [WARNING] django.server: "GET /static/js/script.js HTTP/1.1" 404 179
2026-07-20 09:28:43,060 [WARNING] django.server: "GET /static/js/script.js HTTP/1.1" 404 179
2026-07-20 09:28:43,247 [INFO] django.server: "GET /matches/get-seats-status/6/?row_id=232 HTTP/1.1" 200 2974
2026-07-20 09:28:43,247 [INFO] django.server: "GET /matches/get-seats-status/6/?row_id=232 HTTP/1.1" 200 2974
2026-07-20 09:28:46,277 [INFO] django.server: "POST /tickets/reserve/6/ HTTP/1.1" 302 0
2026-07-20 09:28:46,277 [INFO] django.server: "POST /tickets/reserve/6/ HTTP/1.1" 302 0
2026-07-20 09:28:46,297 [INFO] django.server: "GET /tickets/ticket-info/6/ HTTP/1.1" 200 65348
2026-07-20 09:28:46,297 [INFO] django.server: "GET /tickets/ticket-info/6/ HTTP/1.1" 200 65348
2026-07-20 09:28:46,353 [WARNING] django.server: "GET /static/img/sepahan-logo.png HTTP/1.1" 404 179
2026-07-20 09:28:46,353 [WARNING] django.server: "GET /static/img/sepahan-logo.png HTTP/1.1" 404 179
2026-07-20 09:28:46,354 [WARNING] django.server: "GET /static/css/style.css HTTP/1.1" 404 179
2026-07-20 09:28:46,354 [WARNING] django.server: "GET /static/css/style.css HTTP/1.1" 404 179
2026-07-20 09:28:46,358 [WARNING] django.server: "GET /static/js/script.js HTTP/1.1" 404 179
2026-07-20 09:28:46,358 [WARNING] django.server: "GET /static/js/script.js HTTP/1.1" 404 179
2026-07-20 09:28:46,689 [WARNING] django.server: "GET /static/js/script.js HTTP/1.1" 404 179
2026-07-20 09:28:46,689 [WARNING] django.server: "GET /static/js/script.js HTTP/1.1" 404 179
2026-07-20 09:28:58,086 [INFO] django.server: "POST /tickets/release-reservation/ HTTP/1.1" 200 51
2026-07-20 09:28:58,086 [INFO] django.server: "POST /tickets/release-reservation/ HTTP/1.1" 200 51
2026-07-20 09:28:58,091 [INFO] django.server: "GET /matches/get-seats-status/6/?row_id=232 HTTP/1.1" 200 2974
2026-07-20 09:28:58,091 [INFO] django.server: "GET /matches/get-seats-status/6/?row_id=232 HTTP/1.1" 200 2974
2026-07-20 09:29:02,748 [INFO] django.server: "GET /matches/get-seats-status/6/?row_id=232 HTTP/1.1" 200 2974
2026-07-20 09:29:02,748 [INFO] django.server: "GET /matches/get-seats-status/6/?row_id=232 HTTP/1.1" 200 2974
2026-07-20 09:29:05,080 [INFO] django.server: "POST /tickets/reserve/6/ HTTP/1.1" 302 0
2026-07-20 09:29:05,080 [INFO] django.server: "POST /tickets/reserve/6/ HTTP/1.1" 302 0
2026-07-20 09:29:05,104 [INFO] django.server: "GET /tickets/ticket-info/6/ HTTP/1.1" 200 70993
2026-07-20 09:29:05,104 [INFO] django.server: "GET /tickets/ticket-info/6/ HTTP/1.1" 200 70993
2026-07-20 09:29:05,142 [WARNING] django.server: "GET /static/css/style.css HTTP/1.1" 404 179
2026-07-20 09:29:05,142 [WARNING] django.server: "GET /static/css/style.css HTTP/1.1" 404 179
2026-07-20 09:29:05,146 [WARNING] django.server: "GET /static/img/sepahan-logo.png HTTP/1.1" 404 179
2026-07-20 09:29:05,146 [WARNING] django.server: "GET /static/img/sepahan-logo.png HTTP/1.1" 404 179
2026-07-20 09:29:05,146 [WARNING] django.server: "GET /static/js/script.js HTTP/1.1" 404 179
2026-07-20 09:29:05,146 [WARNING] django.server: "GET /static/js/script.js HTTP/1.1" 404 179
2026-07-20 09:29:05,164 [WARNING] django.server: "GET /static/js/script.js HTTP/1.1" 404 179
2026-07-20 09:29:05,164 [WARNING] django.server: "GET /static/js/script.js HTTP/1.1" 404 179
2026-07-20 09:29:40,658 [INFO] django.server: "POST /tickets/inquiry-fan/ HTTP/1.1" 200 61
2026-07-20 09:29:40,658 [INFO] django.server: "POST /tickets/inquiry-fan/ HTTP/1.1" 200 61
2026-07-20 09:29:44,344 [INFO] django.server: "POST /tickets/inquiry-fan/ HTTP/1.1" 200 61
2026-07-20 09:29:44,344 [INFO] django.server: "POST /tickets/inquiry-fan/ HTTP/1.1" 200 61
2026-07-20 09:29:45,860 [INFO] payments.views: ===== وارد ویو payment_request شد =====
2026-07-20 09:29:46,730 [INFO] django.server: "POST /payments/request/ HTTP/1.1" 302 0
2026-07-20 09:29:46,730 [INFO] django.server: "POST /payments/request/ HTTP/1.1" 302 0
2026-07-20 09:29:50,262 [ERROR] payments.views: خطا در تایید پرداخت: ZibalError: An error occurred during the payment verification: transaction failed
2026-07-20 09:29:50,274 [INFO] django.server: "GET /payments/verify/?success=0&status=3&trackId=4689752977 HTTP/1.1" 302 0
2026-07-20 09:29:50,274 [INFO] django.server: "GET /payments/verify/?success=0&status=3&trackId=4689752977 HTTP/1.1" 302 0
2026-07-20 09:29:50,403 [INFO] django.server: "GET /tickets/my-tickets/ HTTP/1.1" 200 277004
2026-07-20 09:29:50,403 [INFO] django.server: "GET /tickets/my-tickets/ HTTP/1.1" 200 277004
2026-07-20 09:29:50,453 [WARNING] django.server: "GET /static/img/sepahan-logo.png HTTP/1.1" 404 179
2026-07-20 09:29:50,453 [WARNING] django.server: "GET /static/img/sepahan-logo.png HTTP/1.1" 404 179
2026-07-20 09:29:50,455 [WARNING] django.server: "GET /static/css/style.css HTTP/1.1" 404 179
2026-07-20 09:29:50,455 [WARNING] django.server: "GET /static/css/style.css HTTP/1.1" 404 179
2026-07-20 09:29:50,459 [WARNING] django.server: "GET /static/js/script.js HTTP/1.1" 404 179
2026-07-20 09:29:50,459 [WARNING] django.server: "GET /static/js/script.js HTTP/1.1" 404 179
2026-07-20 09:29:51,156 [WARNING] django.server: "GET /static/js/script.js HTTP/1.1" 404 179
2026-07-20 09:29:51,156 [WARNING] django.server: "GET /static/js/script.js HTTP/1.1" 404 179
2026-07-20 09:35:27,663 [INFO] django.utils.autoreload: /home/kasra/Desktop/ticket.sepahansc/football_tickets/payments/views.py changed, reloading.
2026-07-20 09:35:27,663 [INFO] django.utils.autoreload: /home/kasra/Desktop/ticket.sepahansc/football_tickets/payments/views.py changed, reloading.
2026-07-20 09:35:28,341 [INFO] weasyprint.progress: Step 2 - Fetching and parsing CSS - CSS string
2026-07-20 09:35:28,373 [INFO] weasyprint.progress: Step 2 - Fetching and parsing CSS - CSS string
2026-07-20 09:35:28,379 [INFO] weasyprint.progress: Step 2 - Fetching and parsing CSS - CSS string
2026-07-20 09:35:28,517 [INFO] django.utils.autoreload: Watching for file changes with StatReloader
2026-07-20 09:35:28,517 [INFO] django.utils.autoreload: Watching for file changes with StatReloader
2026-07-20 09:35:38,937 [INFO] django.utils.autoreload: /home/kasra/Desktop/ticket.sepahansc/football_tickets/payments/views.py changed, reloading.
2026-07-20 09:35:38,937 [INFO] django.utils.autoreload: /home/kasra/Desktop/ticket.sepahansc/football_tickets/payments/views.py changed, reloading.
2026-07-20 09:35:39,501 [INFO] weasyprint.progress: Step 2 - Fetching and parsing CSS - CSS string
2026-07-20 09:35:39,535 [INFO] weasyprint.progress: Step 2 - Fetching and parsing CSS - CSS string
2026-07-20 09:35:39,541 [INFO] weasyprint.progress: Step 2 - Fetching and parsing CSS - CSS string
2026-07-20 09:35:39,681 [INFO] django.utils.autoreload: Watching for file changes with StatReloader
2026-07-20 09:35:39,681 [INFO] django.utils.autoreload: Watching for file changes with StatReloader
2026-07-20 09:35:42,704 [INFO] django.server: "GET / HTTP/1.1" 200 63945
2026-07-20 09:35:42,704 [INFO] django.server: "GET / HTTP/1.1" 200 63945
2026-07-20 09:35:42,753 [WARNING] django.server: "GET /static/css/style.css HTTP/1.1" 404 179
2026-07-20 09:35:42,753 [WARNING] django.server: "GET /static/css/style.css HTTP/1.1" 404 179
2026-07-20 09:35:42,755 [WARNING] django.server: "GET /static/img/sepahan-logo.png HTTP/1.1" 404 179
2026-07-20 09:35:42,755 [WARNING] django.server: "GET /static/img/sepahan-logo.png HTTP/1.1" 404 179
2026-07-20 09:35:42,755 [WARNING] django.server: "GET /media/team_logos/sepahan-logo_vQMfqRE.png HTTP/1.1" 404 179
2026-07-20 09:35:42,755 [WARNING] django.server: "GET /media/team_logos/sepahan-logo_vQMfqRE.png HTTP/1.1" 404 179
2026-07-20 09:35:42,775 [WARNING] django.server: "GET /media/team_logos/sepahan-logo_HyT5LEZ.png HTTP/1.1" 404 179
2026-07-20 09:35:42,775 [WARNING] django.server: "GET /media/team_logos/sepahan-logo_HyT5LEZ.png HTTP/1.1" 404 179
2026-07-20 09:35:42,776 [WARNING] django.server: "GET /media/team_logos/profile.webp HTTP/1.1" 404 179
2026-07-20 09:35:42,776 [WARNING] django.server: "GET /media/team_logos/profile.webp HTTP/1.1" 404 179
2026-07-20 09:35:42,808 [WARNING] django.server: "GET /media/team_logos/fc-persepolis-seeklogo_1m2k1d1.png HTTP/1.1" 404 179
2026-07-20 09:35:42,808 [WARNING] django.server: "GET /media/team_logos/fc-persepolis-seeklogo_1m2k1d1.png HTTP/1.1" 404 179
2026-07-20 09:35:42,842 [WARNING] django.server: "GET /static/js/script.js HTTP/1.1" 404 179
2026-07-20 09:35:42,842 [WARNING] django.server: "GET /static/js/script.js HTTP/1.1" 404 179
2026-07-20 09:35:42,843 [WARNING] django.server: "GET /media/team_logos/sepahan-logo_AqvyGY8.png HTTP/1.1" 404 179
2026-07-20 09:35:42,843 [WARNING] django.server: "GET /media/team_logos/sepahan-logo_AqvyGY8.png HTTP/1.1" 404 179
2026-07-20 09:35:42,862 [WARNING] django.server: "GET /media/team_logos/iran_tractor_1500x1500_0Lnfd4g.football-logos.cc.png HTTP/1.1" 404 179
2026-07-20 09:35:42,862 [WARNING] django.server: "GET /media/team_logos/iran_tractor_1500x1500_0Lnfd4g.football-logos.cc.png HTTP/1.1" 404 179
2026-07-20 09:35:43,598 [WARNING] django.server: "GET /static/img/lion-roar.png HTTP/1.1" 404 179
2026-07-20 09:35:43,598 [WARNING] django.server: "GET /static/img/lion-roar.png HTTP/1.1" 404 179
2026-07-20 09:35:45,541 [INFO] django.server: "GET /matches/select-floor/6/ HTTP/1.1" 200 36392
2026-07-20 09:35:45,541 [INFO] django.server: "GET /matches/select-floor/6/ HTTP/1.1" 200 36392
2026-07-20 09:35:45,607 [WARNING] django.server: "GET /static/css/style.css HTTP/1.1" 404 179
2026-07-20 09:35:45,607 [WARNING] django.server: "GET /static/css/style.css HTTP/1.1" 404 179
2026-07-20 09:35:45,610 [WARNING] django.server: "GET /static/js/script.js HTTP/1.1" 404 179
2026-07-20 09:35:45,610 [WARNING] django.server: "GET /static/js/script.js HTTP/1.1" 404 179
2026-07-20 09:35:45,613 [WARNING] django.server: "GET /static/img/sepahan-logo.png HTTP/1.1" 404 179
2026-07-20 09:35:45,613 [WARNING] django.server: "GET /static/img/sepahan-logo.png HTTP/1.1" 404 179
2026-07-20 09:35:45,635 [WARNING] django.server: "GET /static/js/script.js HTTP/1.1" 404 179
2026-07-20 09:35:45,635 [WARNING] django.server: "GET /static/js/script.js HTTP/1.1" 404 179
2026-07-20 09:35:46,536 [INFO] django.server: "POST /matches/select-floor/6/ HTTP/1.1" 302 0
2026-07-20 09:35:46,536 [INFO] django.server: "POST /matches/select-floor/6/ HTTP/1.1" 302 0
2026-07-20 09:35:46,716 [INFO] django.server: "GET /matches/select-block/6/ HTTP/1.1" 200 126807
2026-07-20 09:35:46,716 [INFO] django.server: "GET /matches/select-block/6/ HTTP/1.1" 200 126807
2026-07-20 09:35:46,762 [WARNING] django.server: "GET /static/img/sepahan-logo.png HTTP/1.1" 404 179
2026-07-20 09:35:46,762 [WARNING] django.server: "GET /static/img/sepahan-logo.png HTTP/1.1" 404 179
2026-07-20 09:35:46,764 [WARNING] django.server: "GET /static/css/style.css HTTP/1.1" 404 179
2026-07-20 09:35:46,764 [WARNING] django.server: "GET /static/img/staduim.png HTTP/1.1" 404 179
2026-07-20 09:35:46,764 [WARNING] django.server: "GET /static/css/style.css HTTP/1.1" 404 179
2026-07-20 09:35:46,764 [WARNING] django.server: "GET /static/img/staduim.png HTTP/1.1" 404 179
2026-07-20 09:35:46,766 [WARNING] django.server: "GET /media/team_logos/sepahan-logo_vQMfqRE.png HTTP/1.1" 404 179
2026-07-20 09:35:46,766 [WARNING] django.server: "GET /media/team_logos/sepahan-logo_vQMfqRE.png HTTP/1.1" 404 179
2026-07-20 09:35:46,767 [WARNING] django.server: "GET /media/team_logos/profile.webp HTTP/1.1" 404 179
2026-07-20 09:35:46,767 [WARNING] django.server: "GET /media/team_logos/profile.webp HTTP/1.1" 404 179
2026-07-20 09:35:46,767 [WARNING] django.server: "GET /static/js/script.js HTTP/1.1" 404 179
2026-07-20 09:35:46,767 [WARNING] django.server: "GET /static/js/script.js HTTP/1.1" 404 179
2026-07-20 09:35:46,784 [WARNING] django.server: "GET /static/js/script.js HTTP/1.1" 404 179
2026-07-20 09:35:46,784 [WARNING] django.server: "GET /static/js/script.js HTTP/1.1" 404 179
2026-07-20 09:35:46,862 [WARNING] django.server: "GET /media/stadium_images/photo_%DB%B2%DB%B0%DB%B1%DB%B9-%DB%B1%DB%B1-%DB%B2%DB%B8_%DB%B1%DB%B2-%DB%B4%DB%B8-%DB%B5%DB%B3.jpg HTTP/1.1" 404 179
2026-07-20 09:35:46,862 [WARNING] django.server: "GET /media/stadium_images/photo_%DB%B2%DB%B0%DB%B1%DB%B9-%DB%B1%DB%B1-%DB%B2%DB%B8_%DB%B1%DB%B2-%DB%B4%DB%B8-%DB%B5%DB%B3.jpg HTTP/1.1" 404 179
2026-07-20 09:35:49,550 [INFO] django.server: "POST /matches/select-block/6/ HTTP/1.1" 302 0
2026-07-20 09:35:49,550 [INFO] django.server: "POST /matches/select-block/6/ HTTP/1.1" 302 0
2026-07-20 09:35:49,966 [INFO] django.server: "GET /matches/match/6/block-map/ HTTP/1.1" 200 439502
2026-07-20 09:35:49,966 [INFO] django.server: "GET /matches/match/6/block-map/ HTTP/1.1" 200 439502
2026-07-20 09:35:50,019 [WARNING] django.server: "GET /static/css/style.css HTTP/1.1" 404 179
2026-07-20 09:35:50,019 [WARNING] django.server: "GET /static/css/style.css HTTP/1.1" 404 179
2026-07-20 09:35:50,019 [WARNING] django.server: "GET /static/img/sepahan-logo.png HTTP/1.1" 404 179
2026-07-20 09:35:50,019 [WARNING] django.server: "GET /static/img/sepahan-logo.png HTTP/1.1" 404 179
2026-07-20 09:35:50,020 [WARNING] django.server: "GET /static/js/script.js HTTP/1.1" 404 179
2026-07-20 09:35:50,020 [WARNING] django.server: "GET /static/js/script.js HTTP/1.1" 404 179
2026-07-20 09:35:50,040 [WARNING] django.server: "GET /static/js/script.js HTTP/1.1" 404 179
2026-07-20 09:35:50,040 [WARNING] django.server: "GET /static/js/script.js HTTP/1.1" 404 179
2026-07-20 09:35:50,640 [INFO] django.server: "GET /matches/get-seats-status/6/?row_id=232 HTTP/1.1" 200 2974
2026-07-20 09:35:50,640 [INFO] django.server: "GET /matches/get-seats-status/6/?row_id=232 HTTP/1.1" 200 2974
2026-07-20 09:35:54,473 [INFO] django.server: "POST /tickets/reserve/6/ HTTP/1.1" 302 0
2026-07-20 09:35:54,473 [INFO] django.server: "POST /tickets/reserve/6/ HTTP/1.1" 302 0
2026-07-20 09:35:54,528 [INFO] django.server: "GET /tickets/ticket-info/6/ HTTP/1.1" 200 70993
2026-07-20 09:35:54,528 [INFO] django.server: "GET /tickets/ticket-info/6/ HTTP/1.1" 200 70993
2026-07-20 09:35:54,626 [WARNING] django.server: "GET /static/css/style.css HTTP/1.1" 404 179
2026-07-20 09:35:54,626 [WARNING] django.server: "GET /static/css/style.css HTTP/1.1" 404 179
2026-07-20 09:35:54,639 [WARNING] django.server: "GET /static/img/sepahan-logo.png HTTP/1.1" 404 179
2026-07-20 09:35:54,639 [WARNING] django.server: "GET /static/img/sepahan-logo.png HTTP/1.1" 404 179
2026-07-20 09:35:54,644 [WARNING] django.server: "GET /static/js/script.js HTTP/1.1" 404 179
2026-07-20 09:35:54,644 [WARNING] django.server: "GET /static/js/script.js HTTP/1.1" 404 179
2026-07-20 09:35:54,725 [WARNING] django.server: "GET /static/js/script.js HTTP/1.1" 404 179
2026-07-20 09:35:54,725 [WARNING] django.server: "GET /static/js/script.js HTTP/1.1" 404 179
2026-07-20 09:36:54,021 [INFO] django.server: "POST /tickets/inquiry-fan/ HTTP/1.1" 200 61
2026-07-20 09:36:54,021 [INFO] django.server: "POST /tickets/inquiry-fan/ HTTP/1.1" 200 61
2026-07-20 09:36:57,096 [INFO] django.server: "POST /tickets/inquiry-fan/ HTTP/1.1" 200 61
2026-07-20 09:36:57,096 [INFO] django.server: "POST /tickets/inquiry-fan/ HTTP/1.1" 200 61
2026-07-20 09:36:58,598 [INFO] payments.views: ===== وارد ویو payment_request شد =====
2026-07-20 09:36:58,612 [INFO] django.server: "POST /payments/request/ HTTP/1.1" 302 0
2026-07-20 09:36:58,612 [INFO] django.server: "POST /payments/request/ HTTP/1.1" 302 0
2026-07-20 09:36:58,635 [INFO] django.server: "GET /tickets/ticket-info/6/ HTTP/1.1" 200 71609
2026-07-20 09:36:58,635 [INFO] django.server: "GET /tickets/ticket-info/6/ HTTP/1.1" 200 71609
2026-07-20 09:36:58,697 [WARNING] django.server: "GET /static/css/style.css HTTP/1.1" 404 179
2026-07-20 09:36:58,697 [WARNING] django.server: "GET /static/css/style.css HTTP/1.1" 404 179
2026-07-20 09:36:58,699 [WARNING] django.server: "GET /static/img/sepahan-logo.png HTTP/1.1" 404 179
2026-07-20 09:36:58,699 [WARNING] django.server: "GET /static/img/sepahan-logo.png HTTP/1.1" 404 179
2026-07-20 09:36:58,700 [WARNING] django.server: "GET /static/js/script.js HTTP/1.1" 404 179
2026-07-20 09:36:58,700 [WARNING] django.server: "GET /static/js/script.js HTTP/1.1" 404 179
2026-07-20 09:36:59,139 [WARNING] django.server: "GET /static/js/script.js HTTP/1.1" 404 179
2026-07-20 09:36:59,139 [WARNING] django.server: "GET /static/js/script.js HTTP/1.1" 404 179
2026-07-20 09:37:27,808 [INFO] django.server: "POST /tickets/inquiry-fan/ HTTP/1.1" 200 61
2026-07-20 09:37:27,808 [INFO] django.server: "POST /tickets/inquiry-fan/ HTTP/1.1" 200 61
2026-07-20 09:37:40,758 [INFO] django.server: "POST /tickets/release-reservation/ HTTP/1.1" 200 51
2026-07-20 09:37:40,758 [INFO] django.server: "POST /tickets/release-reservation/ HTTP/1.1" 200 51
2026-07-20 09:37:40,790 [INFO] django.server: "GET /matches/ HTTP/1.1" 200 63945
2026-07-20 09:37:40,790 [INFO] django.server: "GET /matches/ HTTP/1.1" 200 63945
2026-07-20 09:37:40,845 [WARNING] django.server: "GET /static/css/style.css HTTP/1.1" 404 179
2026-07-20 09:37:40,845 [WARNING] django.server: "GET /static/css/style.css HTTP/1.1" 404 179
2026-07-20 09:37:40,848 [WARNING] django.server: "GET /static/img/sepahan-logo.png HTTP/1.1" 404 179
2026-07-20 09:37:40,848 [WARNING] django.server: "GET /static/img/sepahan-logo.png HTTP/1.1" 404 179
2026-07-20 09:37:40,849 [WARNING] django.server: "GET /media/team_logos/profile.webp HTTP/1.1" 404 179
2026-07-20 09:37:40,849 [WARNING] django.server: "GET /media/team_logos/profile.webp HTTP/1.1" 404 179
2026-07-20 09:37:40,850 [WARNING] django.server: "GET /media/team_logos/sepahan-logo_vQMfqRE.png HTTP/1.1" 404 179
2026-07-20 09:37:40,850 [WARNING] django.server: "GET /media/team_logos/sepahan-logo_vQMfqRE.png HTTP/1.1" 404 179
2026-07-20 09:37:40,853 [WARNING] django.server: "GET /media/team_logos/fc-persepolis-seeklogo_1m2k1d1.png HTTP/1.1" 404 179
2026-07-20 09:37:40,853 [WARNING] django.server: "GET /media/team_logos/fc-persepolis-seeklogo_1m2k1d1.png HTTP/1.1" 404 179
2026-07-20 09:37:40,854 [WARNING] django.server: "GET /media/team_logos/sepahan-logo_HyT5LEZ.png HTTP/1.1" 404 179
2026-07-20 09:37:40,854 [WARNING] django.server: "GET /media/team_logos/sepahan-logo_HyT5LEZ.png HTTP/1.1" 404 179
2026-07-20 09:37:40,874 [WARNING] django.server: "GET /static/js/script.js HTTP/1.1" 404 179
2026-07-20 09:37:40,874 [WARNING] django.server: "GET /static/js/script.js HTTP/1.1" 404 179
2026-07-20 09:37:40,875 [WARNING] django.server: "GET /media/team_logos/sepahan-logo_AqvyGY8.png HTTP/1.1" 404 179
2026-07-20 09:37:40,875 [WARNING] django.server: "GET /media/team_logos/sepahan-logo_AqvyGY8.png HTTP/1.1" 404 179
2026-07-20 09:37:40,875 [WARNING] django.server: "GET /media/team_logos/iran_tractor_1500x1500_0Lnfd4g.football-logos.cc.png HTTP/1.1" 404 179
2026-07-20 09:37:40,875 [WARNING] django.server: "GET /media/team_logos/iran_tractor_1500x1500_0Lnfd4g.football-logos.cc.png HTTP/1.1" 404 179
2026-07-20 09:37:40,934 [WARNING] django.server: "GET /static/img/lion-roar.png HTTP/1.1" 404 179
2026-07-20 09:37:40,934 [WARNING] django.server: "GET /static/img/lion-roar.png HTTP/1.1" 404 179
2026-07-20 09:37:41,589 [WARNING] django.server: "GET /static/js/script.js HTTP/1.1" 404 179
2026-07-20 09:37:41,589 [WARNING] django.server: "GET /static/js/script.js HTTP/1.1" 404 179
2026-07-20 09:37:43,478 [INFO] django.server: "GET /matches/select-floor/6/ HTTP/1.1" 200 36392
2026-07-20 09:37:43,478 [INFO] django.server: "GET /matches/select-floor/6/ HTTP/1.1" 200 36392
2026-07-20 09:37:43,534 [WARNING] django.server: "GET /static/css/style.css HTTP/1.1" 404 179
2026-07-20 09:37:43,534 [WARNING] django.server: "GET /static/css/style.css HTTP/1.1" 404 179
2026-07-20 09:37:43,535 [WARNING] django.server: "GET /static/js/script.js HTTP/1.1" 404 179
2026-07-20 09:37:43,535 [WARNING] django.server: "GET /static/js/script.js HTTP/1.1" 404 179
2026-07-20 09:37:43,535 [WARNING] django.server: "GET /static/img/sepahan-logo.png HTTP/1.1" 404 179
2026-07-20 09:37:43,535 [WARNING] django.server: "GET /static/img/sepahan-logo.png HTTP/1.1" 404 179
2026-07-20 09:37:43,956 [WARNING] django.server: "GET /static/js/script.js HTTP/1.1" 404 179
2026-07-20 09:37:43,956 [WARNING] django.server: "GET /static/js/script.js HTTP/1.1" 404 179
2026-07-20 09:37:44,322 [INFO] django.server: "POST /matches/select-floor/6/ HTTP/1.1" 302 0
2026-07-20 09:37:44,322 [INFO] django.server: "POST /matches/select-floor/6/ HTTP/1.1" 302 0
2026-07-20 09:37:44,503 [INFO] django.server: "GET /matches/select-block/6/ HTTP/1.1" 200 126807
2026-07-20 09:37:44,503 [INFO] django.server: "GET /matches/select-block/6/ HTTP/1.1" 200 126807
2026-07-20 09:37:44,547 [WARNING] django.server: "GET /static/img/sepahan-logo.png HTTP/1.1" 404 179
2026-07-20 09:37:44,547 [WARNING] django.server: "GET /static/img/sepahan-logo.png HTTP/1.1" 404 179
2026-07-20 09:37:44,548 [WARNING] django.server: "GET /static/img/staduim.png HTTP/1.1" 404 179
2026-07-20 09:37:44,548 [WARNING] django.server: "GET /static/img/staduim.png HTTP/1.1" 404 179
2026-07-20 09:37:44,549 [WARNING] django.server: "GET /static/css/style.css HTTP/1.1" 404 179
2026-07-20 09:37:44,549 [WARNING] django.server: "GET /static/css/style.css HTTP/1.1" 404 179
2026-07-20 09:37:44,550 [WARNING] django.server: "GET /media/team_logos/sepahan-logo_vQMfqRE.png HTTP/1.1" 404 179
2026-07-20 09:37:44,550 [WARNING] django.server: "GET /media/team_logos/sepahan-logo_vQMfqRE.png HTTP/1.1" 404 179
2026-07-20 09:37:44,551 [WARNING] django.server: "GET /static/js/script.js HTTP/1.1" 404 179
2026-07-20 09:37:44,551 [WARNING] django.server: "GET /static/js/script.js HTTP/1.1" 404 179
2026-07-20 09:37:44,551 [WARNING] django.server: "GET /media/team_logos/profile.webp HTTP/1.1" 404 179
2026-07-20 09:37:44,551 [WARNING] django.server: "GET /media/team_logos/profile.webp HTTP/1.1" 404 179
2026-07-20 09:37:44,568 [WARNING] django.server: "GET /static/js/script.js HTTP/1.1" 404 179
2026-07-20 09:37:44,568 [WARNING] django.server: "GET /static/js/script.js HTTP/1.1" 404 179
2026-07-20 09:37:44,636 [WARNING] django.server: "GET /media/stadium_images/photo_%DB%B2%DB%B0%DB%B1%DB%B9-%DB%B1%DB%B1-%DB%B2%DB%B8_%DB%B1%DB%B2-%DB%B4%DB%B8-%DB%B5%DB%B3.jpg HTTP/1.1" 404 179
2026-07-20 09:37:44,636 [WARNING] django.server: "GET /media/stadium_images/photo_%DB%B2%DB%B0%DB%B1%DB%B9-%DB%B1%DB%B1-%DB%B2%DB%B8_%DB%B1%DB%B2-%DB%B4%DB%B8-%DB%B5%DB%B3.jpg HTTP/1.1" 404 179
2026-07-20 09:37:47,099 [INFO] django.server: "POST /matches/select-block/6/ HTTP/1.1" 302 0
2026-07-20 09:37:47,099 [INFO] django.server: "POST /matches/select-block/6/ HTTP/1.1" 302 0
2026-07-20 09:37:47,537 [INFO] django.server: "GET /matches/match/6/block-map/ HTTP/1.1" 200 439502
2026-07-20 09:37:47,537 [INFO] django.server: "GET /matches/match/6/block-map/ HTTP/1.1" 200 439502
2026-07-20 09:37:47,591 [WARNING] django.server: "GET /static/css/style.css HTTP/1.1" 404 179
2026-07-20 09:37:47,591 [WARNING] django.server: "GET /static/css/style.css HTTP/1.1" 404 179
2026-07-20 09:37:47,592 [WARNING] django.server: "GET /static/img/sepahan-logo.png HTTP/1.1" 404 179
2026-07-20 09:37:47,592 [WARNING] django.server: "GET /static/img/sepahan-logo.png HTTP/1.1" 404 179
2026-07-20 09:37:47,595 [WARNING] django.server: "GET /static/js/script.js HTTP/1.1" 404 179
2026-07-20 09:37:47,595 [WARNING] django.server: "GET /static/js/script.js HTTP/1.1" 404 179
2026-07-20 09:37:47,947 [WARNING] django.server: "GET /static/js/script.js HTTP/1.1" 404 179
2026-07-20 09:37:47,947 [WARNING] django.server: "GET /static/js/script.js HTTP/1.1" 404 179
2026-07-20 09:37:48,200 [INFO] django.server: "GET /matches/get-seats-status/6/?row_id=232 HTTP/1.1" 200 2974
2026-07-20 09:37:48,200 [INFO] django.server: "GET /matches/get-seats-status/6/?row_id=232 HTTP/1.1" 200 2974
2026-07-20 09:37:51,519 [INFO] django.server: "POST /tickets/reserve/6/ HTTP/1.1" 302 0
2026-07-20 09:37:51,519 [INFO] django.server: "POST /tickets/reserve/6/ HTTP/1.1" 302 0
2026-07-20 09:37:51,543 [INFO] django.server: "GET /tickets/ticket-info/6/ HTTP/1.1" 200 65348
2026-07-20 09:37:51,543 [INFO] django.server: "GET /tickets/ticket-info/6/ HTTP/1.1" 200 65348
2026-07-20 09:37:51,593 [WARNING] django.server: "GET /static/css/style.css HTTP/1.1" 404 179
2026-07-20 09:37:51,593 [WARNING] django.server: "GET /static/css/style.css HTTP/1.1" 404 179
2026-07-20 09:37:51,596 [WARNING] django.server: "GET /static/js/script.js HTTP/1.1" 404 179
2026-07-20 09:37:51,596 [WARNING] django.server: "GET /static/js/script.js HTTP/1.1" 404 179
2026-07-20 09:37:51,596 [WARNING] django.server: "GET /static/img/sepahan-logo.png HTTP/1.1" 404 179
2026-07-20 09:37:51,596 [WARNING] django.server: "GET /static/img/sepahan-logo.png HTTP/1.1" 404 179
2026-07-20 09:37:51,621 [WARNING] django.server: "GET /static/js/script.js HTTP/1.1" 404 179
2026-07-20 09:37:51,621 [WARNING] django.server: "GET /static/js/script.js HTTP/1.1" 404 179
2026-07-20 09:38:07,750 [INFO] django.server: "POST /tickets/inquiry-fan/ HTTP/1.1" 200 61
2026-07-20 09:38:07,750 [INFO] django.server: "POST /tickets/inquiry-fan/ HTTP/1.1" 200 61
2026-07-20 09:38:08,788 [INFO] payments.views: ===== وارد ویو payment_request شد =====
2026-07-20 09:38:08,808 [INFO] django.server: "POST /payments/request/ HTTP/1.1" 302 0
2026-07-20 09:38:08,808 [INFO] django.server: "POST /payments/request/ HTTP/1.1" 302 0
2026-07-20 09:38:08,838 [INFO] django.server: "GET /tickets/ticket-info/6/ HTTP/1.1" 200 65939
2026-07-20 09:38:08,838 [INFO] django.server: "GET /tickets/ticket-info/6/ HTTP/1.1" 200 65939
2026-07-20 09:38:08,981 [WARNING] django.server: "GET /static/css/style.css HTTP/1.1" 404 179
2026-07-20 09:38:08,981 [WARNING] django.server: "GET /static/css/style.css HTTP/1.1" 404 179
2026-07-20 09:38:08,982 [WARNING] django.server: "GET /static/img/sepahan-logo.png HTTP/1.1" 404 179
2026-07-20 09:38:08,982 [WARNING] django.server: "GET /static/img/sepahan-logo.png HTTP/1.1" 404 179
2026-07-20 09:38:08,982 [WARNING] django.server: "GET /static/js/script.js HTTP/1.1" 404 179
2026-07-20 09:38:08,982 [WARNING] django.server: "GET /static/js/script.js HTTP/1.1" 404 179
2026-07-20 09:38:09,001 [WARNING] django.server: "GET /static/js/script.js HTTP/1.1" 404 179
2026-07-20 09:38:09,001 [WARNING] django.server: "GET /static/js/script.js HTTP/1.1" 404 179
2026-07-20 09:38:14,128 [INFO] django.server: "POST /tickets/release-reservation/ HTTP/1.1" 200 51
2026-07-20 09:38:14,128 [INFO] django.server: "POST /tickets/release-reservation/ HTTP/1.1" 200 51
2026-07-20 09:38:14,166 [INFO] django.server: "GET /matches/ HTTP/1.1" 200 63945
2026-07-20 09:38:14,166 [INFO] django.server: "GET /matches/ HTTP/1.1" 200 63945
2026-07-20 09:38:14,218 [WARNING] django.server: "GET /static/css/style.css HTTP/1.1" 404 179
2026-07-20 09:38:14,218 [WARNING] django.server: "GET /static/css/style.css HTTP/1.1" 404 179
2026-07-20 09:38:14,223 [WARNING] django.server: "GET /media/team_logos/sepahan-logo_vQMfqRE.png HTTP/1.1" 404 179
2026-07-20 09:38:14,223 [WARNING] django.server: "GET /media/team_logos/sepahan-logo_vQMfqRE.png HTTP/1.1" 404 179
2026-07-20 09:38:14,223 [WARNING] django.server: "GET /static/img/sepahan-logo.png HTTP/1.1" 404 179
2026-07-20 09:38:14,223 [WARNING] django.server: "GET /static/img/sepahan-logo.png HTTP/1.1" 404 179
2026-07-20 09:38:14,226 [WARNING] django.server: "GET /media/team_logos/sepahan-logo_HyT5LEZ.png HTTP/1.1" 404 179
2026-07-20 09:38:14,226 [WARNING] django.server: "GET /media/team_logos/sepahan-logo_HyT5LEZ.png HTTP/1.1" 404 179
2026-07-20 09:38:14,227 [WARNING] django.server: "GET /media/team_logos/profile.webp HTTP/1.1" 404 179
2026-07-20 09:38:14,227 [WARNING] django.server: "GET /media/team_logos/profile.webp HTTP/1.1" 404 179
2026-07-20 09:38:14,228 [WARNING] django.server: "GET /media/team_logos/fc-persepolis-seeklogo_1m2k1d1.png HTTP/1.1" 404 179
2026-07-20 09:38:14,228 [WARNING] django.server: "GET /media/team_logos/fc-persepolis-seeklogo_1m2k1d1.png HTTP/1.1" 404 179
2026-07-20 09:38:14,248 [WARNING] django.server: "GET /static/js/script.js HTTP/1.1" 404 179
2026-07-20 09:38:14,248 [WARNING] django.server: "GET /static/js/script.js HTTP/1.1" 404 179
2026-07-20 09:38:14,249 [WARNING] django.server: "GET /media/team_logos/iran_tractor_1500x1500_0Lnfd4g.football-logos.cc.png HTTP/1.1" 404 179
2026-07-20 09:38:14,249 [WARNING] django.server: "GET /media/team_logos/iran_tractor_1500x1500_0Lnfd4g.football-logos.cc.png HTTP/1.1" 404 179
2026-07-20 09:38:14,249 [WARNING] django.server: "GET /media/team_logos/sepahan-logo_AqvyGY8.png HTTP/1.1" 404 179
2026-07-20 09:38:14,249 [WARNING] django.server: "GET /media/team_logos/sepahan-logo_AqvyGY8.png HTTP/1.1" 404 179
2026-07-20 09:38:14,299 [WARNING] django.server: "GET /static/img/lion-roar.png HTTP/1.1" 404 179
2026-07-20 09:38:14,299 [WARNING] django.server: "GET /static/img/lion-roar.png HTTP/1.1" 404 179
2026-07-20 09:38:14,573 [WARNING] django.server: "GET /static/js/script.js HTTP/1.1" 404 179
2026-07-20 09:38:14,573 [WARNING] django.server: "GET /static/js/script.js HTTP/1.1" 404 179
2026-07-20 09:40:19,844 [INFO] django.server: "GET /matches/select-floor/6/ HTTP/1.1" 200 36392
2026-07-20 09:40:19,844 [INFO] django.server: "GET /matches/select-floor/6/ HTTP/1.1" 200 36392
2026-07-20 09:40:19,908 [WARNING] django.server: "GET /static/css/style.css HTTP/1.1" 404 179
2026-07-20 09:40:19,908 [WARNING] django.server: "GET /static/css/style.css HTTP/1.1" 404 179
2026-07-20 09:40:19,911 [WARNING] django.server: "GET /static/img/sepahan-logo.png HTTP/1.1" 404 179
2026-07-20 09:40:19,911 [WARNING] django.server: "GET /static/img/sepahan-logo.png HTTP/1.1" 404 179
2026-07-20 09:40:19,919 [WARNING] django.server: "GET /static/js/script.js HTTP/1.1" 404 179
2026-07-20 09:40:19,919 [WARNING] django.server: "GET /static/js/script.js HTTP/1.1" 404 179
2026-07-20 09:40:20,001 [WARNING] django.server: "GET /static/js/script.js HTTP/1.1" 404 179
2026-07-20 09:40:20,001 [WARNING] django.server: "GET /static/js/script.js HTTP/1.1" 404 179
2026-07-20 09:40:21,166 [INFO] django.server: "POST /matches/select-floor/6/ HTTP/1.1" 302 0
2026-07-20 09:40:21,166 [INFO] django.server: "POST /matches/select-floor/6/ HTTP/1.1" 302 0
2026-07-20 09:40:21,357 [INFO] django.server: "GET /matches/select-block/6/ HTTP/1.1" 200 126807
2026-07-20 09:40:21,357 [INFO] django.server: "GET /matches/select-block/6/ HTTP/1.1" 200 126807
2026-07-20 09:40:21,416 [WARNING] django.server: "GET /static/css/style.css HTTP/1.1" 404 179
2026-07-20 09:40:21,416 [WARNING] django.server: "GET /static/css/style.css HTTP/1.1" 404 179
2026-07-20 09:40:21,422 [WARNING] django.server: "GET /static/img/sepahan-logo.png HTTP/1.1" 404 179
2026-07-20 09:40:21,422 [WARNING] django.server: "GET /static/img/sepahan-logo.png HTTP/1.1" 404 179
2026-07-20 09:40:21,430 [WARNING] django.server: "GET /static/img/staduim.png HTTP/1.1" 404 179
2026-07-20 09:40:21,430 [WARNING] django.server: "GET /static/img/staduim.png HTTP/1.1" 404 179
2026-07-20 09:40:21,433 [WARNING] django.server: "GET /media/team_logos/sepahan-logo_vQMfqRE.png HTTP/1.1" 404 179
2026-07-20 09:40:21,433 [WARNING] django.server: "GET /media/team_logos/sepahan-logo_vQMfqRE.png HTTP/1.1" 404 179
2026-07-20 09:40:21,443 [WARNING] django.server: "GET /media/team_logos/profile.webp HTTP/1.1" 404 179
2026-07-20 09:40:21,443 [WARNING] django.server: "GET /media/team_logos/profile.webp HTTP/1.1" 404 179
2026-07-20 09:40:21,444 [WARNING] django.server: "GET /static/js/script.js HTTP/1.1" 404 179
2026-07-20 09:40:21,444 [WARNING] django.server: "GET /static/js/script.js HTTP/1.1" 404 179
2026-07-20 09:40:21,503 [WARNING] django.server: "GET /media/stadium_images/photo_%DB%B2%DB%B0%DB%B1%DB%B9-%DB%B1%DB%B1-%DB%B2%DB%B8_%DB%B1%DB%B2-%DB%B4%DB%B8-%DB%B5%DB%B3.jpg HTTP/1.1" 404 179
2026-07-20 09:40:21,503 [WARNING] django.server: "GET /media/stadium_images/photo_%DB%B2%DB%B0%DB%B1%DB%B9-%DB%B1%DB%B1-%DB%B2%DB%B8_%DB%B1%DB%B2-%DB%B4%DB%B8-%DB%B5%DB%B3.jpg HTTP/1.1" 404 179
2026-07-20 09:40:22,177 [WARNING] django.server: "GET /static/js/script.js HTTP/1.1" 404 179
2026-07-20 09:40:22,177 [WARNING] django.server: "GET /static/js/script.js HTTP/1.1" 404 179
2026-07-20 09:40:24,814 [INFO] django.server: "POST /matches/select-block/6/ HTTP/1.1" 302 0
2026-07-20 09:40:24,814 [INFO] django.server: "POST /matches/select-block/6/ HTTP/1.1" 302 0
2026-07-20 09:40:25,292 [INFO] django.server: "GET /matches/match/6/block-map/ HTTP/1.1" 200 474391
2026-07-20 09:40:25,292 [INFO] django.server: "GET /matches/match/6/block-map/ HTTP/1.1" 200 474391
2026-07-20 09:40:25,347 [WARNING] django.server: "GET /static/css/style.css HTTP/1.1" 404 179
2026-07-20 09:40:25,347 [WARNING] django.server: "GET /static/css/style.css HTTP/1.1" 404 179
2026-07-20 09:40:25,350 [WARNING] django.server: "GET /static/img/sepahan-logo.png HTTP/1.1" 404 179
2026-07-20 09:40:25,350 [WARNING] django.server: "GET /static/img/sepahan-logo.png HTTP/1.1" 404 179
2026-07-20 09:40:25,351 [WARNING] django.server: "GET /static/js/script.js HTTP/1.1" 404 179
2026-07-20 09:40:25,351 [WARNING] django.server: "GET /static/js/script.js HTTP/1.1" 404 179
2026-07-20 09:40:25,374 [WARNING] django.server: "GET /static/js/script.js HTTP/1.1" 404 179
2026-07-20 09:40:25,374 [WARNING] django.server: "GET /static/js/script.js HTTP/1.1" 404 179
2026-07-20 09:40:25,963 [INFO] django.server: "GET /matches/get-seats-status/6/?row_id=1 HTTP/1.1" 200 2990
2026-07-20 09:40:25,963 [INFO] django.server: "GET /matches/get-seats-status/6/?row_id=1 HTTP/1.1" 200 2990
2026-07-20 09:40:29,709 [INFO] django.server: "POST /tickets/reserve/6/ HTTP/1.1" 302 0
2026-07-20 09:40:29,709 [INFO] django.server: "POST /tickets/reserve/6/ HTTP/1.1" 302 0
2026-07-20 09:40:29,729 [INFO] django.server: "GET /tickets/ticket-info/6/ HTTP/1.1" 200 65347
2026-07-20 09:40:29,729 [INFO] django.server: "GET /tickets/ticket-info/6/ HTTP/1.1" 200 65347
2026-07-20 09:40:29,784 [WARNING] django.server: "GET /static/css/style.css HTTP/1.1" 404 179
2026-07-20 09:40:29,784 [WARNING] django.server: "GET /static/css/style.css HTTP/1.1" 404 179
2026-07-20 09:40:29,789 [WARNING] django.server: "GET /static/img/sepahan-logo.png HTTP/1.1" 404 179
2026-07-20 09:40:29,789 [WARNING] django.server: "GET /static/img/sepahan-logo.png HTTP/1.1" 404 179
2026-07-20 09:40:29,790 [WARNING] django.server: "GET /static/js/script.js HTTP/1.1" 404 179
2026-07-20 09:40:29,790 [WARNING] django.server: "GET /static/js/script.js HTTP/1.1" 404 179
2026-07-20 09:40:30,135 [WARNING] django.server: "GET /static/js/script.js HTTP/1.1" 404 179
2026-07-20 09:40:30,135 [WARNING] django.server: "GET /static/js/script.js HTTP/1.1" 404 179
2026-07-20 09:40:42,834 [INFO] django.server: "GET /tickets/cancel/6/ HTTP/1.1" 302 0
2026-07-20 09:40:42,834 [INFO] django.server: "GET /tickets/cancel/6/ HTTP/1.1" 302 0
2026-07-20 09:40:42,836 [INFO] django.server: "POST /tickets/release-reservation/ HTTP/1.1" 200 51
2026-07-20 09:40:42,836 [INFO] django.server: "POST /tickets/release-reservation/ HTTP/1.1" 200 51
2026-07-20 09:40:43,051 [INFO] django.server: "GET /matches/select-block/6/ HTTP/1.1" 200 127340
2026-07-20 09:40:43,051 [INFO] django.server: "GET /matches/select-block/6/ HTTP/1.1" 200 127340
2026-07-20 09:40:43,124 [WARNING] django.server: "GET /static/css/style.css HTTP/1.1" 404 179
2026-07-20 09:40:43,124 [WARNING] django.server: "GET /static/css/style.css HTTP/1.1" 404 179
2026-07-20 09:40:43,132 [WARNING] django.server: "GET /static/img/staduim.png HTTP/1.1" 404 179
2026-07-20 09:40:43,132 [WARNING] django.server: "GET /static/img/staduim.png HTTP/1.1" 404 179
2026-07-20 09:40:43,134 [WARNING] django.server: "GET /static/img/sepahan-logo.png HTTP/1.1" 404 179
2026-07-20 09:40:43,134 [WARNING] django.server: "GET /static/img/sepahan-logo.png HTTP/1.1" 404 179
2026-07-20 09:40:43,135 [WARNING] django.server: "GET /media/team_logos/sepahan-logo_vQMfqRE.png HTTP/1.1" 404 179
2026-07-20 09:40:43,135 [WARNING] django.server: "GET /media/team_logos/sepahan-logo_vQMfqRE.png HTTP/1.1" 404 179
2026-07-20 09:40:43,159 [WARNING] django.server: "GET /media/team_logos/profile.webp HTTP/1.1" 404 179
2026-07-20 09:40:43,159 [WARNING] django.server: "GET /media/team_logos/profile.webp HTTP/1.1" 404 179
2026-07-20 09:40:43,162 [WARNING] django.server: "GET /static/js/script.js HTTP/1.1" 404 179
2026-07-20 09:40:43,162 [WARNING] django.server: "GET /static/js/script.js HTTP/1.1" 404 179
2026-07-20 09:40:43,224 [WARNING] django.server: "GET /media/stadium_images/photo_%DB%B2%DB%B0%DB%B1%DB%B9-%DB%B1%DB%B1-%DB%B2%DB%B8_%DB%B1%DB%B2-%DB%B4%DB%B8-%DB%B5%DB%B3.jpg HTTP/1.1" 404 179
2026-07-20 09:40:43,224 [WARNING] django.server: "GET /media/stadium_images/photo_%DB%B2%DB%B0%DB%B1%DB%B9-%DB%B1%DB%B1-%DB%B2%DB%B8_%DB%B1%DB%B2-%DB%B4%DB%B8-%DB%B5%DB%B3.jpg HTTP/1.1" 404 179
2026-07-20 09:40:43,495 [WARNING] django.server: "GET /static/js/script.js HTTP/1.1" 404 179
2026-07-20 09:40:43,495 [WARNING] django.server: "GET /static/js/script.js HTTP/1.1" 404 179
2026-07-20 09:41:50,124 [INFO] django.server: "GET /matches/select-block/6/ HTTP/1.1" 200 126807
2026-07-20 09:41:50,124 [INFO] django.server: "GET /matches/select-block/6/ HTTP/1.1" 200 126807
2026-07-20 09:41:50,234 [WARNING] django.server: "GET /static/img/sepahan-logo.png HTTP/1.1" 404 179
2026-07-20 09:41:50,234 [WARNING] django.server: "GET /static/img/sepahan-logo.png HTTP/1.1" 404 179
2026-07-20 09:41:50,235 [WARNING] django.server: "GET /static/css/style.css HTTP/1.1" 404 179
2026-07-20 09:41:50,235 [WARNING] django.server: "GET /static/css/style.css HTTP/1.1" 404 179
2026-07-20 09:41:51,021 [WARNING] django.server: "GET /static/img/staduim.png HTTP/1.1" 404 179
2026-07-20 09:41:51,021 [WARNING] django.server: "GET /static/img/staduim.png HTTP/1.1" 404 179
2026-07-20 09:41:51,021 [WARNING] django.server: "GET /media/team_logos/profile.webp HTTP/1.1" 404 179
2026-07-20 09:41:51,021 [WARNING] django.server: "GET /media/team_logos/profile.webp HTTP/1.1" 404 179
2026-07-20 09:41:51,025 [WARNING] django.server: "GET /media/team_logos/sepahan-logo_vQMfqRE.png HTTP/1.1" 404 179
2026-07-20 09:41:51,025 [WARNING] django.server: "GET /media/team_logos/sepahan-logo_vQMfqRE.png HTTP/1.1" 404 179
2026-07-20 09:41:51,062 [WARNING] django.server: "GET /static/js/script.js HTTP/1.1" 404 179
2026-07-20 09:41:51,062 [WARNING] django.server: "GET /static/js/script.js HTTP/1.1" 404 179
2026-07-20 09:41:51,123 [WARNING] django.server: "GET /media/stadium_images/photo_%DB%B2%DB%B0%DB%B1%DB%B9-%DB%B1%DB%B1-%DB%B2%DB%B8_%DB%B1%DB%B2-%DB%B4%DB%B8-%DB%B5%DB%B3.jpg HTTP/1.1" 404 179
2026-07-20 09:41:51,123 [WARNING] django.server: "GET /media/stadium_images/photo_%DB%B2%DB%B0%DB%B1%DB%B9-%DB%B1%DB%B1-%DB%B2%DB%B8_%DB%B1%DB%B2-%DB%B4%DB%B8-%DB%B5%DB%B3.jpg HTTP/1.1" 404 179
2026-07-20 09:41:51,128 [WARNING] django.server: "GET /static/js/script.js HTTP/1.1" 404 179
2026-07-20 09:41:51,128 [WARNING] django.server: "GET /static/js/script.js HTTP/1.1" 404 179
2026-07-20 09:41:53,682 [WARNING] django.server: "GET /static/img/sepahan-logo.png HTTP/1.1" 404 179
2026-07-20 09:41:53,682 [WARNING] django.server: "GET /static/img/sepahan-logo.png HTTP/1.1" 404 179
2026-07-20 09:41:56,674 [INFO] django.server: "POST /matches/select-block/6/ HTTP/1.1" 302 0
2026-07-20 09:41:56,674 [INFO] django.server: "POST /matches/select-block/6/ HTTP/1.1" 302 0
2026-07-20 09:41:57,331 [INFO] django.server: "GET /matches/match/6/block-map/ HTTP/1.1" 200 465605
2026-07-20 09:41:57,331 [INFO] django.server: "GET /matches/match/6/block-map/ HTTP/1.1" 200 465605
2026-07-20 09:41:57,415 [WARNING] django.server: "GET /static/css/style.css HTTP/1.1" 404 179
2026-07-20 09:41:57,415 [WARNING] django.server: "GET /static/css/style.css HTTP/1.1" 404 179
2026-07-20 09:41:57,417 [WARNING] django.server: "GET /static/img/sepahan-logo.png HTTP/1.1" 404 179
2026-07-20 09:41:57,417 [WARNING] django.server: "GET /static/img/sepahan-logo.png HTTP/1.1" 404 179
2026-07-20 09:41:57,426 [WARNING] django.server: "GET /static/js/script.js HTTP/1.1" 404 179
2026-07-20 09:41:57,426 [WARNING] django.server: "GET /static/js/script.js HTTP/1.1" 404 179
2026-07-20 09:41:58,115 [WARNING] django.server: "GET /static/js/script.js HTTP/1.1" 404 179
2026-07-20 09:41:58,115 [WARNING] django.server: "GET /static/js/script.js HTTP/1.1" 404 179
2026-07-20 09:41:58,163 [INFO] django.server: "GET /matches/get-seats-status/6/?row_id=34 HTTP/1.1" 200 2783
2026-07-20 09:41:58,163 [INFO] django.server: "GET /matches/get-seats-status/6/?row_id=34 HTTP/1.1" 200 2783
2026-07-20 09:42:02,648 [INFO] django.server: "GET /matches/get-seats-status/6/?row_id=34 HTTP/1.1" 200 2783
2026-07-20 09:42:02,648 [INFO] django.server: "GET /matches/get-seats-status/6/?row_id=34 HTTP/1.1" 200 2783
2026-07-20 09:42:04,093 [INFO] django.server: "POST /tickets/reserve/6/ HTTP/1.1" 302 0
2026-07-20 09:42:04,093 [INFO] django.server: "POST /tickets/reserve/6/ HTTP/1.1" 302 0
2026-07-20 09:42:04,129 [INFO] django.server: "GET /tickets/ticket-info/6/ HTTP/1.1" 200 65498
2026-07-20 09:42:04,129 [INFO] django.server: "GET /tickets/ticket-info/6/ HTTP/1.1" 200 65498
2026-07-20 09:42:04,195 [WARNING] django.server: "GET /static/img/sepahan-logo.png HTTP/1.1" 404 179
2026-07-20 09:42:04,195 [WARNING] django.server: "GET /static/img/sepahan-logo.png HTTP/1.1" 404 179
2026-07-20 09:42:04,202 [WARNING] django.server: "GET /static/js/script.js HTTP/1.1" 404 179
2026-07-20 09:42:04,202 [WARNING] django.server: "GET /static/js/script.js HTTP/1.1" 404 179
2026-07-20 09:42:04,205 [WARNING] django.server: "GET /static/css/style.css HTTP/1.1" 404 179
2026-07-20 09:42:04,205 [WARNING] django.server: "GET /static/css/style.css HTTP/1.1" 404 179
2026-07-20 09:42:04,237 [WARNING] django.server: "GET /static/js/script.js HTTP/1.1" 404 179
2026-07-20 09:42:04,237 [WARNING] django.server: "GET /static/js/script.js HTTP/1.1" 404 179
2026-07-20 09:42:06,738 [INFO] django.server: "POST /tickets/release-reservation/ HTTP/1.1" 200 51
2026-07-20 09:42:06,738 [INFO] django.server: "POST /tickets/release-reservation/ HTTP/1.1" 200 51
2026-07-20 09:42:06,739 [INFO] django.server: "GET /tickets/ticket-info/6/ HTTP/1.1" 200 65498
2026-07-20 09:42:06,739 [INFO] django.server: "GET /tickets/ticket-info/6/ HTTP/1.1" 200 65498
2026-07-20 09:42:06,820 [WARNING] django.server: "GET /static/img/sepahan-logo.png HTTP/1.1" 404 179
2026-07-20 09:42:06,820 [WARNING] django.server: "GET /static/img/sepahan-logo.png HTTP/1.1" 404 179
2026-07-20 09:42:06,821 [WARNING] django.server: "GET /static/css/style.css HTTP/1.1" 404 179
2026-07-20 09:42:06,821 [WARNING] django.server: "GET /static/css/style.css HTTP/1.1" 404 179
2026-07-20 09:42:06,821 [WARNING] django.server: "GET /static/js/script.js HTTP/1.1" 404 179
2026-07-20 09:42:06,821 [WARNING] django.server: "GET /static/js/script.js HTTP/1.1" 404 179
2026-07-20 09:42:07,080 [WARNING] django.server: "GET /static/js/script.js HTTP/1.1" 404 179
2026-07-20 09:42:07,080 [WARNING] django.server: "GET /static/js/script.js HTTP/1.1" 404 179
2026-07-20 09:42:07,955 [WARNING] django.server: "GET /static/img/sepahan-logo.png HTTP/1.1" 404 179
2026-07-20 09:42:07,955 [WARNING] django.server: "GET /static/img/sepahan-logo.png HTTP/1.1" 404 179
2026-07-20 09:42:19,658 [INFO] weasyprint.progress: Step 2 - Fetching and parsing CSS - CSS string
2026-07-20 09:42:19,714 [INFO] weasyprint.progress: Step 2 - Fetching and parsing CSS - CSS string
2026-07-20 09:42:19,722 [INFO] weasyprint.progress: Step 2 - Fetching and parsing CSS - CSS string
2026-07-20 09:42:20,565 [INFO] weasyprint.progress: Step 2 - Fetching and parsing CSS - CSS string
2026-07-20 09:42:20,616 [INFO] weasyprint.progress: Step 2 - Fetching and parsing CSS - CSS string
2026-07-20 09:42:20,626 [INFO] weasyprint.progress: Step 2 - Fetching and parsing CSS - CSS string
2026-07-20 09:42:20,854 [INFO] django.utils.autoreload: Watching for file changes with StatReloader
2026-07-20 09:42:20,854 [INFO] django.utils.autoreload: Watching for file changes with StatReloader
2026-07-20 09:42:24,088 [INFO] django.server: "POST /tickets/release-reservation/ HTTP/1.1" 200 51
2026-07-20 09:42:24,088 [INFO] django.server: "POST /tickets/release-reservation/ HTTP/1.1" 200 51
2026-07-20 09:42:24,089 [INFO] django.server: "GET /tickets/ticket-info/6/ HTTP/1.1" 302 0
2026-07-20 09:42:24,089 [INFO] django.server: "GET /tickets/ticket-info/6/ HTTP/1.1" 302 0
2026-07-20 09:42:24,921 [INFO] django.server: "GET /matches/match/6/block-map/ HTTP/1.1" 200 466178
2026-07-20 09:42:24,921 [INFO] django.server: "GET /matches/match/6/block-map/ HTTP/1.1" 200 466178
2026-07-20 09:42:25,053 [WARNING] django.server: "GET /static/css/style.css HTTP/1.1" 404 179
2026-07-20 09:42:25,053 [WARNING] django.server: "GET /static/css/style.css HTTP/1.1" 404 179
2026-07-20 09:42:25,060 [WARNING] django.server: "GET /static/img/sepahan-logo.png HTTP/1.1" 404 179
2026-07-20 09:42:25,060 [WARNING] django.server: "GET /static/img/sepahan-logo.png HTTP/1.1" 404 179
2026-07-20 09:42:25,061 [WARNING] django.server: "GET /static/js/script.js HTTP/1.1" 404 179
2026-07-20 09:42:25,061 [WARNING] django.server: "GET /static/js/script.js HTTP/1.1" 404 179
2026-07-20 09:42:25,113 [WARNING] django.server: "GET /static/js/script.js HTTP/1.1" 404 179
2026-07-20 09:42:25,113 [WARNING] django.server: "GET /static/js/script.js HTTP/1.1" 404 179
2026-07-20 09:42:25,678 [INFO] django.server: "GET /matches/get-seats-status/6/?row_id=34 HTTP/1.1" 200 2783
2026-07-20 09:42:25,678 [INFO] django.server: "GET /matches/get-seats-status/6/?row_id=34 HTTP/1.1" 200 2783
2026-07-20 09:42:29,474 [INFO] django.server: "POST /tickets/reserve/6/ HTTP/1.1" 302 0
2026-07-20 09:42:29,474 [INFO] django.server: "POST /tickets/reserve/6/ HTTP/1.1" 302 0
2026-07-20 09:42:29,514 [INFO] django.server: "GET /tickets/ticket-info/6/ HTTP/1.1" 200 65498
2026-07-20 09:42:29,514 [INFO] django.server: "GET /tickets/ticket-info/6/ HTTP/1.1" 200 65498
2026-07-20 09:42:29,602 [WARNING] django.server: "GET /static/css/style.css HTTP/1.1" 404 179
2026-07-20 09:42:29,602 [WARNING] django.server: "GET /static/css/style.css HTTP/1.1" 404 179
2026-07-20 09:42:29,608 [WARNING] django.server: "GET /static/js/script.js HTTP/1.1" 404 179
2026-07-20 09:42:29,608 [WARNING] django.server: "GET /static/js/script.js HTTP/1.1" 404 179
2026-07-20 09:42:29,614 [WARNING] django.server: "GET /static/img/sepahan-logo.png HTTP/1.1" 404 179
2026-07-20 09:42:29,614 [WARNING] django.server: "GET /static/img/sepahan-logo.png HTTP/1.1" 404 179
2026-07-20 09:42:29,731 [WARNING] django.server: "GET /static/js/script.js HTTP/1.1" 404 179
2026-07-20 09:42:29,731 [WARNING] django.server: "GET /static/js/script.js HTTP/1.1" 404 179
2026-07-20 09:45:50,195 [INFO] django.server: "GET /tickets/ticket-info/6/ HTTP/1.1" 200 68971
2026-07-20 09:45:50,195 [INFO] django.server: "GET /tickets/ticket-info/6/ HTTP/1.1" 200 68971
2026-07-20 09:45:50,197 [INFO] django.server: "POST /tickets/release-reservation/ HTTP/1.1" 200 51
2026-07-20 09:45:50,197 [INFO] django.server: "POST /tickets/release-reservation/ HTTP/1.1" 200 51
2026-07-20 09:45:50,371 [WARNING] django.server: "GET /static/css/style.css HTTP/1.1" 404 179
2026-07-20 09:45:50,371 [WARNING] django.server: "GET /static/css/style.css HTTP/1.1" 404 179
2026-07-20 09:45:50,376 [WARNING] django.server: "GET /static/img/sepahan-logo.png HTTP/1.1" 404 179
2026-07-20 09:45:50,376 [WARNING] django.server: "GET /static/img/sepahan-logo.png HTTP/1.1" 404 179
2026-07-20 09:45:50,376 [WARNING] django.server: "GET /static/js/script.js HTTP/1.1" 404 179
2026-07-20 09:45:50,376 [WARNING] django.server: "GET /static/js/script.js HTTP/1.1" 404 179
2026-07-20 09:45:50,706 [WARNING] django.server: "GET /static/js/script.js HTTP/1.1" 404 179
2026-07-20 09:45:50,706 [WARNING] django.server: "GET /static/js/script.js HTTP/1.1" 404 179
2026-07-20 09:48:04,445 [INFO] django.server: "POST /tickets/release-reservation/ HTTP/1.1" 200 52
2026-07-20 09:48:04,445 [INFO] django.server: "POST /tickets/release-reservation/ HTTP/1.1" 200 52
2026-07-20 09:48:04,446 [INFO] django.server: "GET /tickets/ticket-info/6/ HTTP/1.1" 302 0
2026-07-20 09:48:04,446 [INFO] django.server: "GET /tickets/ticket-info/6/ HTTP/1.1" 302 0
2026-07-20 09:48:05,056 [INFO] django.server: "GET /matches/match/6/block-map/ HTTP/1.1" 200 469596
2026-07-20 09:48:05,056 [INFO] django.server: "GET /matches/match/6/block-map/ HTTP/1.1" 200 469596
2026-07-20 09:48:05,147 [WARNING] django.server: "GET /static/css/style.css HTTP/1.1" 404 179
2026-07-20 09:48:05,147 [WARNING] django.server: "GET /static/css/style.css HTTP/1.1" 404 179
2026-07-20 09:48:05,160 [WARNING] django.server: "GET /static/js/script.js HTTP/1.1" 404 179
2026-07-20 09:48:05,160 [WARNING] django.server: "GET /static/js/script.js HTTP/1.1" 404 179
2026-07-20 09:48:05,164 [WARNING] django.server: "GET /static/img/sepahan-logo.png HTTP/1.1" 404 179
2026-07-20 09:48:05,164 [WARNING] django.server: "GET /static/img/sepahan-logo.png HTTP/1.1" 404 179
2026-07-20 09:48:05,830 [INFO] django.server: "GET /matches/get-seats-status/6/?row_id=34 HTTP/1.1" 200 2783
2026-07-20 09:48:05,830 [INFO] django.server: "GET /matches/get-seats-status/6/?row_id=34 HTTP/1.1" 200 2783
2026-07-20 09:48:05,860 [WARNING] django.server: "GET /static/js/script.js HTTP/1.1" 404 179
2026-07-20 09:48:05,860 [WARNING] django.server: "GET /static/js/script.js HTTP/1.1" 404 179
2026-07-20 09:48:09,303 [INFO] django.server: "POST /tickets/reserve/6/ HTTP/1.1" 302 0
2026-07-20 09:48:09,303 [INFO] django.server: "POST /tickets/reserve/6/ HTTP/1.1" 302 0
2026-07-20 09:48:09,350 [INFO] django.server: "GET /tickets/ticket-info/6/ HTTP/1.1" 200 68972
2026-07-20 09:48:09,350 [INFO] django.server: "GET /tickets/ticket-info/6/ HTTP/1.1" 200 68972
2026-07-20 09:48:09,432 [WARNING] django.server: "GET /static/css/style.css HTTP/1.1" 404 179
2026-07-20 09:48:09,432 [WARNING] django.server: "GET /static/css/style.css HTTP/1.1" 404 179
2026-07-20 09:48:09,439 [WARNING] django.server: "GET /static/img/sepahan-logo.png HTTP/1.1" 404 179
2026-07-20 09:48:09,439 [WARNING] django.server: "GET /static/img/sepahan-logo.png HTTP/1.1" 404 179
2026-07-20 09:48:09,443 [WARNING] django.server: "GET /static/js/script.js HTTP/1.1" 404 179
2026-07-20 09:48:09,443 [WARNING] django.server: "GET /static/js/script.js HTTP/1.1" 404 179
2026-07-20 09:48:09,748 [WARNING] django.server: "GET /static/js/script.js HTTP/1.1" 404 179
2026-07-20 09:48:09,748 [WARNING] django.server: "GET /static/js/script.js HTTP/1.1" 404 179
2026-07-20 09:48:20,872 [INFO] django.server: "POST /tickets/release-reservation/ HTTP/1.1" 200 51
2026-07-20 09:48:20,872 [INFO] django.server: "POST /tickets/release-reservation/ HTTP/1.1" 200 51
2026-07-20 09:48:21,069 [INFO] django.server: "GET /tickets/my-tickets/ HTTP/1.1" 200 279919
2026-07-20 09:48:21,069 [INFO] django.server: "GET /tickets/my-tickets/ HTTP/1.1" 200 279919
2026-07-20 09:48:21,142 [WARNING] django.server: "GET /static/css/style.css HTTP/1.1" 404 179
2026-07-20 09:48:21,142 [WARNING] django.server: "GET /static/css/style.css HTTP/1.1" 404 179
2026-07-20 09:48:21,146 [WARNING] django.server: "GET /static/img/sepahan-logo.png HTTP/1.1" 404 179
2026-07-20 09:48:21,146 [WARNING] django.server: "GET /static/img/sepahan-logo.png HTTP/1.1" 404 179
2026-07-20 09:48:21,149 [WARNING] django.server: "GET /static/js/script.js HTTP/1.1" 404 179
2026-07-20 09:48:21,149 [WARNING] django.server: "GET /static/js/script.js HTTP/1.1" 404 179
2026-07-20 09:48:21,657 [WARNING] django.server: "GET /static/js/script.js HTTP/1.1" 404 179
2026-07-20 09:48:21,657 [WARNING] django.server: "GET /static/js/script.js HTTP/1.1" 404 179
2026-07-20 09:48:26,622 [INFO] django.server: "GET /wallet/dashboard/ HTTP/1.1" 200 61881
2026-07-20 09:48:26,622 [INFO] django.server: "GET /wallet/dashboard/ HTTP/1.1" 200 61881
2026-07-20 09:48:26,666 [WARNING] django.server: "GET /static/css/style.css HTTP/1.1" 404 179
2026-07-20 09:48:26,666 [WARNING] django.server: "GET /static/css/style.css HTTP/1.1" 404 179
2026-07-20 09:48:26,673 [WARNING] django.server: "GET /static/js/script.js HTTP/1.1" 404 179
2026-07-20 09:48:26,673 [WARNING] django.server: "GET /static/js/script.js HTTP/1.1" 404 179
2026-07-20 09:48:26,673 [WARNING] django.server: "GET /static/img/sepahan-logo.png HTTP/1.1" 404 179
2026-07-20 09:48:26,673 [WARNING] django.server: "GET /static/img/sepahan-logo.png HTTP/1.1" 404 179
2026-07-20 09:48:26,997 [WARNING] django.server: "GET /static/js/script.js HTTP/1.1" 404 179
2026-07-20 09:48:26,997 [WARNING] django.server: "GET /static/js/script.js HTTP/1.1" 404 179
2026-07-20 09:48:33,134 [INFO] django.server: "GET /accounts/profile/ HTTP/1.1" 200 38963
2026-07-20 09:48:33,134 [INFO] django.server: "GET /accounts/profile/ HTTP/1.1" 200 38963
2026-07-20 09:48:33,195 [WARNING] django.server: "GET /static/css/style.css HTTP/1.1" 404 179
2026-07-20 09:48:33,196 [WARNING] django.server: "GET /static/js/script.js HTTP/1.1" 404 179
2026-07-20 09:48:33,195 [WARNING] django.server: "GET /static/css/style.css HTTP/1.1" 404 179
2026-07-20 09:48:33,196 [WARNING] django.server: "GET /static/js/script.js HTTP/1.1" 404 179
2026-07-20 09:48:33,197 [WARNING] django.server: "GET /static/img/sepahan-logo.png HTTP/1.1" 404 179
2026-07-20 09:48:33,197 [WARNING] django.server: "GET /static/img/sepahan-logo.png HTTP/1.1" 404 179
2026-07-20 09:48:33,259 [WARNING] django.server: "GET /static/js/script.js HTTP/1.1" 404 179
2026-07-20 09:48:33,259 [WARNING] django.server: "GET /static/js/script.js HTTP/1.1" 404 179
2026-07-20 09:48:37,257 [INFO] django.server: "GET /accounts/edit-profile/ HTTP/1.1" 200 41247
2026-07-20 09:48:37,257 [INFO] django.server: "GET /accounts/edit-profile/ HTTP/1.1" 200 41247
2026-07-20 09:48:37,324 [WARNING] django.server: "GET /static/css/style.css HTTP/1.1" 404 179
2026-07-20 09:48:37,324 [WARNING] django.server: "GET /static/css/style.css HTTP/1.1" 404 179
2026-07-20 09:48:37,327 [WARNING] django.server: "GET /static/js/script.js HTTP/1.1" 404 179
2026-07-20 09:48:37,327 [WARNING] django.server: "GET /static/js/script.js HTTP/1.1" 404 179
2026-07-20 09:48:37,328 [WARNING] django.server: "GET /static/img/sepahan-logo.png HTTP/1.1" 404 179
2026-07-20 09:48:37,328 [WARNING] django.server: "GET /static/img/sepahan-logo.png HTTP/1.1" 404 179
2026-07-20 09:48:37,424 [WARNING] django.server: "GET /static/js/script.js HTTP/1.1" 404 179
2026-07-20 09:48:37,424 [WARNING] django.server: "GET /static/js/script.js HTTP/1.1" 404 179
2026-07-20 09:48:46,211 [INFO] django.server: "GET /accounts/profile/ HTTP/1.1" 200 38963
2026-07-20 09:48:46,211 [INFO] django.server: "GET /accounts/profile/ HTTP/1.1" 200 38963
2026-07-20 09:48:46,301 [WARNING] django.server: "GET /static/js/script.js HTTP/1.1" 404 179
2026-07-20 09:48:46,301 [WARNING] django.server: "GET /static/js/script.js HTTP/1.1" 404 179
2026-07-20 09:48:46,308 [WARNING] django.server: "GET /static/img/sepahan-logo.png HTTP/1.1" 404 179
2026-07-20 09:48:46,308 [WARNING] django.server: "GET /static/img/sepahan-logo.png HTTP/1.1" 404 179
2026-07-20 09:48:46,309 [WARNING] django.server: "GET /static/css/style.css HTTP/1.1" 404 179
2026-07-20 09:48:46,309 [WARNING] django.server: "GET /static/css/style.css HTTP/1.1" 404 179
2026-07-20 09:48:46,335 [WARNING] django.server: "GET /static/js/script.js HTTP/1.1" 404 179
2026-07-20 09:48:46,335 [WARNING] django.server: "GET /static/js/script.js HTTP/1.1" 404 179
2026-07-20 09:48:47,323 [INFO] django.server: "GET /tutorial/ HTTP/1.1" 200 53238
2026-07-20 09:48:47,323 [INFO] django.server: "GET /tutorial/ HTTP/1.1" 200 53238
2026-07-20 09:48:47,398 [WARNING] django.server: "GET /static/img/sepahan-logo.png HTTP/1.1" 404 179
2026-07-20 09:48:47,398 [WARNING] django.server: "GET /static/img/sepahan-logo.png HTTP/1.1" 404 179
2026-07-20 09:48:47,401 [WARNING] django.server: "GET /static/css/style.css HTTP/1.1" 404 179
2026-07-20 09:48:47,401 [WARNING] django.server: "GET /static/css/style.css HTTP/1.1" 404 179
2026-07-20 09:48:47,402 [WARNING] django.server: "GET /static/js/script.js HTTP/1.1" 404 179
2026-07-20 09:48:47,402 [WARNING] django.server: "GET /static/js/script.js HTTP/1.1" 404 179
2026-07-20 09:48:47,440 [WARNING] django.server: "GET /static/js/script.js HTTP/1.1" 404 179
2026-07-20 09:48:47,440 [WARNING] django.server: "GET /static/js/script.js HTTP/1.1" 404 179
2026-07-20 09:48:48,382 [INFO] django.server: "GET /tickets/my-tickets/ HTTP/1.1" 200 279919
2026-07-20 09:48:48,382 [INFO] django.server: "GET /tickets/my-tickets/ HTTP/1.1" 200 279919
2026-07-20 09:48:48,474 [WARNING] django.server: "GET /static/css/style.css HTTP/1.1" 404 179
2026-07-20 09:48:48,474 [WARNING] django.server: "GET /static/css/style.css HTTP/1.1" 404 179
2026-07-20 09:48:48,481 [WARNING] django.server: "GET /static/img/sepahan-logo.png HTTP/1.1" 404 179
2026-07-20 09:48:48,481 [WARNING] django.server: "GET /static/img/sepahan-logo.png HTTP/1.1" 404 179
2026-07-20 09:48:48,482 [WARNING] django.server: "GET /static/js/script.js HTTP/1.1" 404 179
2026-07-20 09:48:48,482 [WARNING] django.server: "GET /static/js/script.js HTTP/1.1" 404 179
2026-07-20 09:48:48,516 [WARNING] django.server: "GET /static/js/script.js HTTP/1.1" 404 179
2026-07-20 09:48:48,516 [WARNING] django.server: "GET /static/js/script.js HTTP/1.1" 404 179
2026-07-20 09:48:51,125 [INFO] django.server: "GET /wallet/dashboard/ HTTP/1.1" 200 61881
2026-07-20 09:48:51,125 [INFO] django.server: "GET /wallet/dashboard/ HTTP/1.1" 200 61881
2026-07-20 09:48:51,196 [WARNING] django.server: "GET /static/css/style.css HTTP/1.1" 404 179
2026-07-20 09:48:51,196 [WARNING] django.server: "GET /static/css/style.css HTTP/1.1" 404 179
2026-07-20 09:48:51,197 [WARNING] django.server: "GET /static/img/sepahan-logo.png HTTP/1.1" 404 179
2026-07-20 09:48:51,197 [WARNING] django.server: "GET /static/img/sepahan-logo.png HTTP/1.1" 404 179
2026-07-20 09:48:51,199 [WARNING] django.server: "GET /static/js/script.js HTTP/1.1" 404 179
2026-07-20 09:48:51,199 [WARNING] django.server: "GET /static/js/script.js HTTP/1.1" 404 179
2026-07-20 09:48:51,234 [WARNING] django.server: "GET /static/js/script.js HTTP/1.1" 404 179
2026-07-20 09:48:51,234 [WARNING] django.server: "GET /static/js/script.js HTTP/1.1" 404 179
2026-07-20 09:49:18,770 [INFO] django.server: "GET /wallet/dashboard/ HTTP/1.1" 200 61760
2026-07-20 09:49:18,770 [INFO] django.server: "GET /wallet/dashboard/ HTTP/1.1" 200 61760
2026-07-20 09:49:18,819 [WARNING] django.server: "GET /static/css/style.css HTTP/1.1" 404 179
2026-07-20 09:49:18,819 [WARNING] django.server: "GET /static/css/style.css HTTP/1.1" 404 179
2026-07-20 09:49:18,821 [WARNING] django.server: "GET /static/js/script.js HTTP/1.1" 404 179
2026-07-20 09:49:18,821 [WARNING] django.server: "GET /static/js/script.js HTTP/1.1" 404 179
2026-07-20 09:49:18,822 [WARNING] django.server: "GET /static/img/sepahan-logo.png HTTP/1.1" 404 179
2026-07-20 09:49:18,822 [WARNING] django.server: "GET /static/img/sepahan-logo.png HTTP/1.1" 404 179
2026-07-20 09:49:18,845 [WARNING] django.server: "GET /static/js/script.js HTTP/1.1" 404 179
2026-07-20 09:49:18,845 [WARNING] django.server: "GET /static/js/script.js HTTP/1.1" 404 179
2026-07-20 09:49:21,997 [WARNING] django.server: "GET /static/css/style.css HTTP/1.1" 404 179
2026-07-20 09:49:21,997 [WARNING] django.server: "GET /static/css/style.css HTTP/1.1" 404 179
2026-07-20 09:49:22,031 [WARNING] django.server: "GET /.well-known/appspecific/com.chrome.devtools.json HTTP/1.1" 404 179
2026-07-20 09:49:22,031 [WARNING] django.server: "GET /.well-known/appspecific/com.chrome.devtools.json HTTP/1.1" 404 179
2026-07-20 09:49:28,339 [INFO] django.server: "GET /matches/ HTTP/1.1" 200 67297
2026-07-20 09:49:28,339 [INFO] django.server: "GET /matches/ HTTP/1.1" 200 67297
2026-07-20 09:49:28,413 [WARNING] django.server: "GET /static/css/style.css HTTP/1.1" 404 179
2026-07-20 09:49:28,413 [WARNING] django.server: "GET /static/css/style.css HTTP/1.1" 404 179
2026-07-20 09:49:28,420 [WARNING] django.server: "GET /.well-known/appspecific/com.chrome.devtools.json HTTP/1.1" 404 179
2026-07-20 09:49:28,420 [WARNING] django.server: "GET /.well-known/appspecific/com.chrome.devtools.json HTTP/1.1" 404 179
2026-07-20 09:49:28,421 [WARNING] django.server: "GET /static/img/sepahan-logo.png HTTP/1.1" 404 179
2026-07-20 09:49:28,421 [WARNING] django.server: "GET /static/img/sepahan-logo.png HTTP/1.1" 404 179
2026-07-20 09:49:28,423 [WARNING] django.server: "GET /media/team_logos/sepahan-logo_vQMfqRE.png HTTP/1.1" 404 179
2026-07-20 09:49:28,423 [WARNING] django.server: "GET /media/team_logos/sepahan-logo_vQMfqRE.png HTTP/1.1" 404 179
2026-07-20 09:49:28,428 [WARNING] django.server: "GET /media/team_logos/sepahan-logo_HyT5LEZ.png HTTP/1.1" 404 179
2026-07-20 09:49:28,428 [WARNING] django.server: "GET /media/team_logos/sepahan-logo_HyT5LEZ.png HTTP/1.1" 404 179
2026-07-20 09:49:28,430 [WARNING] django.server: "GET /media/team_logos/profile.webp HTTP/1.1" 404 179
2026-07-20 09:49:28,430 [WARNING] django.server: "GET /media/team_logos/profile.webp HTTP/1.1" 404 179
2026-07-20 09:49:28,439 [WARNING] django.server: "GET /media/team_logos/fc-persepolis-seeklogo_1m2k1d1.png HTTP/1.1" 404 179
2026-07-20 09:49:28,439 [WARNING] django.server: "GET /media/team_logos/fc-persepolis-seeklogo_1m2k1d1.png HTTP/1.1" 404 179
2026-07-20 09:49:28,450 [WARNING] django.server: "GET /static/js/script.js HTTP/1.1" 404 179
2026-07-20 09:49:28,450 [WARNING] django.server: "GET /static/js/script.js HTTP/1.1" 404 179
2026-07-20 09:49:28,456 [WARNING] django.server: "GET /media/team_logos/iran_tractor_1500x1500_0Lnfd4g.football-logos.cc.png HTTP/1.1" 404 179
2026-07-20 09:49:28,456 [WARNING] django.server: "GET /media/team_logos/iran_tractor_1500x1500_0Lnfd4g.football-logos.cc.png HTTP/1.1" 404 179
2026-07-20 09:49:28,456 [WARNING] django.server: "GET /media/team_logos/sepahan-logo_AqvyGY8.png HTTP/1.1" 404 179
2026-07-20 09:49:28,456 [WARNING] django.server: "GET /media/team_logos/sepahan-logo_AqvyGY8.png HTTP/1.1" 404 179
2026-07-20 09:49:29,234 [WARNING] django.server: "GET /static/js/script.js HTTP/1.1" 404 179
2026-07-20 09:49:29,234 [WARNING] django.server: "GET /static/js/script.js HTTP/1.1" 404 179
2026-07-20 09:49:34,559 [INFO] django.server: "GET /matches/select-floor/6/ HTTP/1.1" 200 39744
2026-07-20 09:49:34,559 [INFO] django.server: "GET /matches/select-floor/6/ HTTP/1.1" 200 39744
2026-07-20 09:49:34,647 [WARNING] django.server: "GET /.well-known/appspecific/com.chrome.devtools.json HTTP/1.1" 404 179
2026-07-20 09:49:34,647 [WARNING] django.server: "GET /.well-known/appspecific/com.chrome.devtools.json HTTP/1.1" 404 179
2026-07-20 09:49:34,663 [WARNING] django.server: "GET /static/css/style.css HTTP/1.1" 404 179
2026-07-20 09:49:34,663 [WARNING] django.server: "GET /static/css/style.css HTTP/1.1" 404 179
2026-07-20 09:49:34,668 [WARNING] django.server: "GET /static/img/sepahan-logo.png HTTP/1.1" 404 179
2026-07-20 09:49:34,668 [WARNING] django.server: "GET /static/img/sepahan-logo.png HTTP/1.1" 404 179
2026-07-20 09:49:34,674 [WARNING] django.server: "GET /static/js/script.js HTTP/1.1" 404 179
2026-07-20 09:49:34,674 [WARNING] django.server: "GET /static/js/script.js HTTP/1.1" 404 179
2026-07-20 09:49:34,713 [WARNING] django.server: "GET /static/js/script.js HTTP/1.1" 404 179
2026-07-20 09:49:34,713 [WARNING] django.server: "GET /static/js/script.js HTTP/1.1" 404 179
2026-07-20 09:49:35,665 [INFO] django.server: "POST /matches/select-floor/6/ HTTP/1.1" 302 0
2026-07-20 09:49:35,665 [INFO] django.server: "POST /matches/select-floor/6/ HTTP/1.1" 302 0
2026-07-20 09:49:35,847 [INFO] django.server: "GET /matches/select-block/6/ HTTP/1.1" 200 130159
2026-07-20 09:49:35,847 [INFO] django.server: "GET /matches/select-block/6/ HTTP/1.1" 200 130159
2026-07-20 09:49:35,908 [WARNING] django.server: "GET /.well-known/appspecific/com.chrome.devtools.json HTTP/1.1" 404 179
2026-07-20 09:49:35,908 [WARNING] django.server: "GET /.well-known/appspecific/com.chrome.devtools.json HTTP/1.1" 404 179
2026-07-20 09:49:35,911 [WARNING] django.server: "GET /static/css/style.css HTTP/1.1" 404 179
2026-07-20 09:49:35,911 [WARNING] django.server: "GET /static/css/style.css HTTP/1.1" 404 179
2026-07-20 09:49:35,919 [WARNING] django.server: "GET /static/img/staduim.png HTTP/1.1" 404 179
2026-07-20 09:49:35,919 [WARNING] django.server: "GET /static/img/staduim.png HTTP/1.1" 404 179
2026-07-20 09:49:35,920 [WARNING] django.server: "GET /static/img/sepahan-logo.png HTTP/1.1" 404 179
2026-07-20 09:49:35,920 [WARNING] django.server: "GET /static/img/sepahan-logo.png HTTP/1.1" 404 179
2026-07-20 09:49:35,921 [WARNING] django.server: "GET /media/team_logos/profile.webp HTTP/1.1" 404 179
2026-07-20 09:49:35,921 [WARNING] django.server: "GET /media/team_logos/profile.webp HTTP/1.1" 404 179
2026-07-20 09:49:35,922 [WARNING] django.server: "GET /media/team_logos/sepahan-logo_vQMfqRE.png HTTP/1.1" 404 179
2026-07-20 09:49:35,922 [WARNING] django.server: "GET /media/team_logos/sepahan-logo_vQMfqRE.png HTTP/1.1" 404 179
2026-07-20 09:49:35,928 [WARNING] django.server: "GET /static/js/script.js HTTP/1.1" 404 179
2026-07-20 09:49:35,928 [WARNING] django.server: "GET /static/js/script.js HTTP/1.1" 404 179
2026-07-20 09:49:35,993 [WARNING] django.server: "GET /static/js/script.js HTTP/1.1" 404 179
2026-07-20 09:49:35,993 [WARNING] django.server: "GET /static/js/script.js HTTP/1.1" 404 179
2026-07-20 09:49:35,999 [WARNING] django.server: "GET /media/stadium_images/photo_%DB%B2%DB%B0%DB%B1%DB%B9-%DB%B1%DB%B1-%DB%B2%DB%B8_%DB%B1%DB%B2-%DB%B4%DB%B8-%DB%B5%DB%B3.jpg HTTP/1.1" 404 179
2026-07-20 09:49:35,999 [WARNING] django.server: "GET /media/stadium_images/photo_%DB%B2%DB%B0%DB%B1%DB%B9-%DB%B1%DB%B1-%DB%B2%DB%B8_%DB%B1%DB%B2-%DB%B4%DB%B8-%DB%B5%DB%B3.jpg HTTP/1.1" 404 179
2026-07-20 09:49:38,289 [INFO] django.server: "POST /matches/select-block/6/ HTTP/1.1" 302 0
2026-07-20 09:49:38,289 [INFO] django.server: "POST /matches/select-block/6/ HTTP/1.1" 302 0
2026-07-20 09:49:38,655 [INFO] django.server: "GET /matches/match/6/block-map/ HTTP/1.1" 200 395737
2026-07-20 09:49:38,655 [INFO] django.server: "GET /matches/match/6/block-map/ HTTP/1.1" 200 395737
2026-07-20 09:49:38,718 [WARNING] django.server: "GET /.well-known/appspecific/com.chrome.devtools.json HTTP/1.1" 404 179
2026-07-20 09:49:38,718 [WARNING] django.server: "GET /.well-known/appspecific/com.chrome.devtools.json HTTP/1.1" 404 179
2026-07-20 09:49:38,728 [WARNING] django.server: "GET /static/img/sepahan-logo.png HTTP/1.1" 404 179
2026-07-20 09:49:38,728 [WARNING] django.server: "GET /static/img/sepahan-logo.png HTTP/1.1" 404 179
2026-07-20 09:49:38,729 [WARNING] django.server: "GET /static/js/script.js HTTP/1.1" 404 179
2026-07-20 09:49:38,729 [WARNING] django.server: "GET /static/js/script.js HTTP/1.1" 404 179
2026-07-20 09:49:38,730 [WARNING] django.server: "GET /static/css/style.css HTTP/1.1" 404 179
2026-07-20 09:49:38,730 [WARNING] django.server: "GET /static/css/style.css HTTP/1.1" 404 179
2026-07-20 09:49:38,764 [WARNING] django.server: "GET /static/js/script.js HTTP/1.1" 404 179
2026-07-20 09:49:38,764 [WARNING] django.server: "GET /static/js/script.js HTTP/1.1" 404 179
2026-07-20 09:49:40,141 [INFO] django.server: "GET /matches/get-seats-status/6/?row_id=67 HTTP/1.1" 200 2776
2026-07-20 09:49:40,141 [INFO] django.server: "GET /matches/get-seats-status/6/?row_id=67 HTTP/1.1" 200 2776
2026-07-20 09:49:43,459 [INFO] django.server: "POST /tickets/reserve/6/ HTTP/1.1" 302 0
2026-07-20 09:49:43,459 [INFO] django.server: "POST /tickets/reserve/6/ HTTP/1.1" 302 0
2026-07-20 09:49:43,480 [INFO] django.server: "GET /tickets/ticket-info/6/ HTTP/1.1" 200 68850
2026-07-20 09:49:43,480 [INFO] django.server: "GET /tickets/ticket-info/6/ HTTP/1.1" 200 68850
2026-07-20 09:49:43,548 [WARNING] django.server: "GET /.well-known/appspecific/com.chrome.devtools.json HTTP/1.1" 404 179
2026-07-20 09:49:43,548 [WARNING] django.server: "GET /.well-known/appspecific/com.chrome.devtools.json HTTP/1.1" 404 179
2026-07-20 09:49:43,556 [WARNING] django.server: "GET /static/css/style.css HTTP/1.1" 404 179
2026-07-20 09:49:43,556 [WARNING] django.server: "GET /static/img/sepahan-logo.png HTTP/1.1" 404 179
2026-07-20 09:49:43,556 [WARNING] django.server: "GET /static/css/style.css HTTP/1.1" 404 179
2026-07-20 09:49:43,556 [WARNING] django.server: "GET /static/img/sepahan-logo.png HTTP/1.1" 404 179
2026-07-20 09:49:43,557 [WARNING] django.server: "GET /static/js/script.js HTTP/1.1" 404 179
2026-07-20 09:49:43,557 [WARNING] django.server: "GET /static/js/script.js HTTP/1.1" 404 179
2026-07-20 09:49:43,590 [WARNING] django.server: "GET /static/js/script.js HTTP/1.1" 404 179
2026-07-20 09:49:43,590 [WARNING] django.server: "GET /static/js/script.js HTTP/1.1" 404 179
2026-07-20 09:50:11,336 [INFO] django.server: "POST /tickets/inquiry-fan/ HTTP/1.1" 200 61
2026-07-20 09:50:11,336 [INFO] django.server: "POST /tickets/inquiry-fan/ HTTP/1.1" 200 61
2026-07-20 09:50:26,739 [INFO] django.server: "POST /tickets/release-reservation/ HTTP/1.1" 200 51
2026-07-20 09:50:26,739 [INFO] django.server: "POST /tickets/release-reservation/ HTTP/1.1" 200 51
2026-07-20 09:50:26,740 [INFO] django.server: "GET /wallet/dashboard/ HTTP/1.1" 200 61760
2026-07-20 09:50:26,740 [INFO] django.server: "GET /wallet/dashboard/ HTTP/1.1" 200 61760
2026-07-20 09:50:26,799 [WARNING] django.server: "GET /static/css/style.css HTTP/1.1" 404 179
2026-07-20 09:50:26,799 [WARNING] django.server: "GET /static/css/style.css HTTP/1.1" 404 179
2026-07-20 09:50:26,810 [WARNING] django.server: "GET /static/img/sepahan-logo.png HTTP/1.1" 404 179
2026-07-20 09:50:26,811 [WARNING] django.server: "GET /static/js/script.js HTTP/1.1" 404 179
2026-07-20 09:50:26,810 [WARNING] django.server: "GET /static/img/sepahan-logo.png HTTP/1.1" 404 179
2026-07-20 09:50:26,811 [WARNING] django.server: "GET /static/js/script.js HTTP/1.1" 404 179
2026-07-20 09:50:27,556 [WARNING] django.server: "GET /static/js/script.js HTTP/1.1" 404 179
2026-07-20 09:50:27,556 [WARNING] django.server: "GET /static/js/script.js HTTP/1.1" 404 179
2026-07-20 09:50:31,523 [INFO] django.server: "GET /wallet/charge/ HTTP/1.1" 200 39411
2026-07-20 09:50:31,523 [INFO] django.server: "GET /wallet/charge/ HTTP/1.1" 200 39411
2026-07-20 09:50:31,569 [WARNING] django.server: "GET /static/css/style.css HTTP/1.1" 404 179
2026-07-20 09:50:31,569 [WARNING] django.server: "GET /static/css/style.css HTTP/1.1" 404 179
2026-07-20 09:50:31,572 [WARNING] django.server: "GET /static/img/sepahan-logo.png HTTP/1.1" 404 179
2026-07-20 09:50:31,572 [WARNING] django.server: "GET /static/img/sepahan-logo.png HTTP/1.1" 404 179
2026-07-20 09:50:31,580 [WARNING] django.server: "GET /static/js/script.js HTTP/1.1" 404 179
2026-07-20 09:50:31,580 [WARNING] django.server: "GET /static/js/script.js HTTP/1.1" 404 179
2026-07-20 09:50:32,257 [WARNING] django.server: "GET /static/js/script.js HTTP/1.1" 404 179
2026-07-20 09:50:32,257 [WARNING] django.server: "GET /static/js/script.js HTTP/1.1" 404 179
2026-07-20 09:50:36,760 [INFO] payments.views: ===== وارد ویو payment_request شد =====
2026-07-20 09:50:37,311 [INFO] django.server: "POST /payments/request/ HTTP/1.1" 302 0
2026-07-20 09:50:37,311 [INFO] django.server: "POST /payments/request/ HTTP/1.1" 302 0
2026-07-20 09:50:41,928 [INFO] django.server: "GET /payments/verify/?success=1&status=2&trackId=4689782608 HTTP/1.1" 302 0
2026-07-20 09:50:41,928 [INFO] django.server: "GET /payments/verify/?success=1&status=2&trackId=4689782608 HTTP/1.1" 302 0
2026-07-20 09:50:41,949 [INFO] django.server: "GET /wallet/dashboard/ HTTP/1.1" 200 62383
2026-07-20 09:50:41,949 [INFO] django.server: "GET /wallet/dashboard/ HTTP/1.1" 200 62383
2026-07-20 09:50:42,044 [WARNING] django.server: "GET /static/img/sepahan-logo.png HTTP/1.1" 404 179
2026-07-20 09:50:42,044 [WARNING] django.server: "GET /static/img/sepahan-logo.png HTTP/1.1" 404 179
2026-07-20 09:50:42,044 [WARNING] django.server: "GET /static/js/script.js HTTP/1.1" 404 179
2026-07-20 09:50:42,044 [WARNING] django.server: "GET /static/js/script.js HTTP/1.1" 404 179
2026-07-20 09:50:42,045 [WARNING] django.server: "GET /static/css/style.css HTTP/1.1" 404 179
2026-07-20 09:50:42,045 [WARNING] django.server: "GET /static/css/style.css HTTP/1.1" 404 179
2026-07-20 09:50:42,462 [WARNING] django.server: "GET /static/js/script.js HTTP/1.1" 404 179
2026-07-20 09:50:42,462 [WARNING] django.server: "GET /static/js/script.js HTTP/1.1" 404 179
2026-07-20 09:50:47,328 [INFO] django.server: "GET /tickets/my-tickets/ HTTP/1.1" 200 279798
2026-07-20 09:50:47,328 [INFO] django.server: "GET /tickets/my-tickets/ HTTP/1.1" 200 279798
2026-07-20 09:50:47,369 [WARNING] django.server: "GET /static/css/style.css HTTP/1.1" 404 179
2026-07-20 09:50:47,369 [WARNING] django.server: "GET /static/css/style.css HTTP/1.1" 404 179
2026-07-20 09:50:47,369 [WARNING] django.server: "GET /static/img/sepahan-logo.png HTTP/1.1" 404 179
2026-07-20 09:50:47,369 [WARNING] django.server: "GET /static/img/sepahan-logo.png HTTP/1.1" 404 179
2026-07-20 09:50:47,370 [WARNING] django.server: "GET /static/js/script.js HTTP/1.1" 404 179
2026-07-20 09:50:47,370 [WARNING] django.server: "GET /static/js/script.js HTTP/1.1" 404 179
2026-07-20 09:50:47,694 [WARNING] django.server: "GET /static/js/script.js HTTP/1.1" 404 179
2026-07-20 09:50:47,694 [WARNING] django.server: "GET /static/js/script.js HTTP/1.1" 404 179
2026-07-20 09:50:48,078 [INFO] django.server: "GET /wallet/dashboard/ HTTP/1.1" 200 61831
2026-07-20 09:50:48,078 [INFO] django.server: "GET /wallet/dashboard/ HTTP/1.1" 200 61831
2026-07-20 09:50:48,149 [WARNING] django.server: "GET /static/img/sepahan-logo.png HTTP/1.1" 404 179
2026-07-20 09:50:48,149 [WARNING] django.server: "GET /static/img/sepahan-logo.png HTTP/1.1" 404 179
2026-07-20 09:50:48,150 [WARNING] django.server: "GET /static/js/script.js HTTP/1.1" 404 179
2026-07-20 09:50:48,150 [WARNING] django.server: "GET /static/js/script.js HTTP/1.1" 404 179
2026-07-20 09:50:48,150 [WARNING] django.server: "GET /static/css/style.css HTTP/1.1" 404 179
2026-07-20 09:50:48,150 [WARNING] django.server: "GET /static/css/style.css HTTP/1.1" 404 179
2026-07-20 09:50:48,189 [WARNING] django.server: "GET /static/js/script.js HTTP/1.1" 404 179
2026-07-20 09:50:48,189 [WARNING] django.server: "GET /static/js/script.js HTTP/1.1" 404 179
2026-07-20 09:50:50,198 [INFO] django.server: "GET /matches/ HTTP/1.1" 200 67297
2026-07-20 09:50:50,198 [INFO] django.server: "GET /matches/ HTTP/1.1" 200 67297
2026-07-20 09:50:50,240 [WARNING] django.server: "GET /static/css/style.css HTTP/1.1" 404 179
2026-07-20 09:50:50,240 [WARNING] django.server: "GET /static/css/style.css HTTP/1.1" 404 179
2026-07-20 09:50:50,242 [WARNING] django.server: "GET /static/img/sepahan-logo.png HTTP/1.1" 404 179
2026-07-20 09:50:50,242 [WARNING] django.server: "GET /static/img/sepahan-logo.png HTTP/1.1" 404 179
2026-07-20 09:50:50,245 [WARNING] django.server: "GET /media/team_logos/profile.webp HTTP/1.1" 404 179
2026-07-20 09:50:50,245 [WARNING] django.server: "GET /media/team_logos/profile.webp HTTP/1.1" 404 179
2026-07-20 09:50:50,246 [WARNING] django.server: "GET /media/team_logos/sepahan-logo_vQMfqRE.png HTTP/1.1" 404 179
2026-07-20 09:50:50,246 [WARNING] django.server: "GET /media/team_logos/sepahan-logo_vQMfqRE.png HTTP/1.1" 404 179
2026-07-20 09:50:50,250 [WARNING] django.server: "GET /media/team_logos/fc-persepolis-seeklogo_1m2k1d1.png HTTP/1.1" 404 179
2026-07-20 09:50:50,250 [WARNING] django.server: "GET /media/team_logos/fc-persepolis-seeklogo_1m2k1d1.png HTTP/1.1" 404 179
2026-07-20 09:50:50,251 [WARNING] django.server: "GET /media/team_logos/sepahan-logo_HyT5LEZ.png HTTP/1.1" 404 179
2026-07-20 09:50:50,251 [WARNING] django.server: "GET /media/team_logos/sepahan-logo_HyT5LEZ.png HTTP/1.1" 404 179
2026-07-20 09:50:50,261 [WARNING] django.server: "GET /static/js/script.js HTTP/1.1" 404 179
2026-07-20 09:50:50,261 [WARNING] django.server: "GET /static/js/script.js HTTP/1.1" 404 179
2026-07-20 09:50:50,270 [WARNING] django.server: "GET /media/team_logos/iran_tractor_1500x1500_0Lnfd4g.football-logos.cc.png HTTP/1.1" 404 179
2026-07-20 09:50:50,270 [WARNING] django.server: "GET /media/team_logos/iran_tractor_1500x1500_0Lnfd4g.football-logos.cc.png HTTP/1.1" 404 179
2026-07-20 09:50:50,271 [WARNING] django.server: "GET /media/team_logos/sepahan-logo_AqvyGY8.png HTTP/1.1" 404 179
2026-07-20 09:50:50,271 [WARNING] django.server: "GET /media/team_logos/sepahan-logo_AqvyGY8.png HTTP/1.1" 404 179
2026-07-20 09:50:50,320 [WARNING] django.server: "GET /static/img/lion-roar.png HTTP/1.1" 404 179
2026-07-20 09:50:50,320 [WARNING] django.server: "GET /static/img/lion-roar.png HTTP/1.1" 404 179
2026-07-20 09:50:50,588 [WARNING] django.server: "GET /static/js/script.js HTTP/1.1" 404 179
2026-07-20 09:50:50,588 [WARNING] django.server: "GET /static/js/script.js HTTP/1.1" 404 179
2026-07-20 09:50:51,960 [INFO] django.server: "GET /matches/select-floor/6/ HTTP/1.1" 200 39744
2026-07-20 09:50:51,960 [INFO] django.server: "GET /matches/select-floor/6/ HTTP/1.1" 200 39744
2026-07-20 09:50:52,002 [WARNING] django.server: "GET /static/css/style.css HTTP/1.1" 404 179
2026-07-20 09:50:52,002 [WARNING] django.server: "GET /static/css/style.css HTTP/1.1" 404 179
2026-07-20 09:50:52,003 [WARNING] django.server: "GET /static/img/sepahan-logo.png HTTP/1.1" 404 179
2026-07-20 09:50:52,003 [WARNING] django.server: "GET /static/img/sepahan-logo.png HTTP/1.1" 404 179
2026-07-20 09:50:52,004 [WARNING] django.server: "GET /static/js/script.js HTTP/1.1" 404 179
2026-07-20 09:50:52,004 [WARNING] django.server: "GET /static/js/script.js HTTP/1.1" 404 179
2026-07-20 09:50:52,397 [WARNING] django.server: "GET /static/js/script.js HTTP/1.1" 404 179
2026-07-20 09:50:52,397 [WARNING] django.server: "GET /static/js/script.js HTTP/1.1" 404 179
2026-07-20 09:50:53,910 [INFO] django.server: "POST /matches/select-floor/6/ HTTP/1.1" 302 0
2026-07-20 09:50:53,910 [INFO] django.server: "POST /matches/select-floor/6/ HTTP/1.1" 302 0
2026-07-20 09:50:54,117 [INFO] django.server: "GET /matches/select-block/6/ HTTP/1.1" 200 130159
2026-07-20 09:50:54,117 [INFO] django.server: "GET /matches/select-block/6/ HTTP/1.1" 200 130159
2026-07-20 09:50:54,186 [WARNING] django.server: "GET /static/css/style.css HTTP/1.1" 404 179
2026-07-20 09:50:54,186 [WARNING] django.server: "GET /static/css/style.css HTTP/1.1" 404 179
2026-07-20 09:50:54,196 [WARNING] django.server: "GET /static/img/staduim.png HTTP/1.1" 404 179
2026-07-20 09:50:54,196 [WARNING] django.server: "GET /static/img/staduim.png HTTP/1.1" 404 179
2026-07-20 09:50:54,199 [WARNING] django.server: "GET /media/team_logos/sepahan-logo_vQMfqRE.png HTTP/1.1" 404 179
2026-07-20 09:50:54,199 [WARNING] django.server: "GET /media/team_logos/sepahan-logo_vQMfqRE.png HTTP/1.1" 404 179
2026-07-20 09:50:54,200 [WARNING] django.server: "GET /static/js/script.js HTTP/1.1" 404 179
2026-07-20 09:50:54,200 [WARNING] django.server: "GET /static/js/script.js HTTP/1.1" 404 179
2026-07-20 09:50:54,200 [WARNING] django.server: "GET /media/team_logos/profile.webp HTTP/1.1" 404 179
2026-07-20 09:50:54,200 [WARNING] django.server: "GET /media/team_logos/profile.webp HTTP/1.1" 404 179
2026-07-20 09:50:54,203 [WARNING] django.server: "GET /static/img/sepahan-logo.png HTTP/1.1" 404 179
2026-07-20 09:50:54,203 [WARNING] django.server: "GET /static/img/sepahan-logo.png HTTP/1.1" 404 179
2026-07-20 09:50:54,256 [WARNING] django.server: "GET /media/stadium_images/photo_%DB%B2%DB%B0%DB%B1%DB%B9-%DB%B1%DB%B1-%DB%B2%DB%B8_%DB%B1%DB%B2-%DB%B4%DB%B8-%DB%B5%DB%B3.jpg HTTP/1.1" 404 179
2026-07-20 09:50:54,256 [WARNING] django.server: "GET /media/stadium_images/photo_%DB%B2%DB%B0%DB%B1%DB%B9-%DB%B1%DB%B1-%DB%B2%DB%B8_%DB%B1%DB%B2-%DB%B4%DB%B8-%DB%B5%DB%B3.jpg HTTP/1.1" 404 179
2026-07-20 09:50:54,568 [WARNING] django.server: "GET /static/js/script.js HTTP/1.1" 404 179
2026-07-20 09:50:54,568 [WARNING] django.server: "GET /static/js/script.js HTTP/1.1" 404 179
2026-07-20 09:50:57,758 [INFO] django.server: "POST /matches/select-block/6/ HTTP/1.1" 302 0
2026-07-20 09:50:57,758 [INFO] django.server: "POST /matches/select-block/6/ HTTP/1.1" 302 0
2026-07-20 09:50:58,150 [INFO] django.server: "GET /matches/match/6/block-map/ HTTP/1.1" 200 404859
2026-07-20 09:50:58,150 [INFO] django.server: "GET /matches/match/6/block-map/ HTTP/1.1" 200 404859
2026-07-20 09:50:58,195 [WARNING] django.server: "GET /static/img/sepahan-logo.png HTTP/1.1" 404 179
2026-07-20 09:50:58,195 [WARNING] django.server: "GET /static/img/sepahan-logo.png HTTP/1.1" 404 179
2026-07-20 09:50:58,196 [WARNING] django.server: "GET /static/css/style.css HTTP/1.1" 404 179
2026-07-20 09:50:58,196 [WARNING] django.server: "GET /static/css/style.css HTTP/1.1" 404 179
2026-07-20 09:50:58,196 [WARNING] django.server: "GET /static/js/script.js HTTP/1.1" 404 179
2026-07-20 09:50:58,196 [WARNING] django.server: "GET /static/js/script.js HTTP/1.1" 404 179
2026-07-20 09:50:58,218 [WARNING] django.server: "GET /static/js/script.js HTTP/1.1" 404 179
2026-07-20 09:50:58,218 [WARNING] django.server: "GET /static/js/script.js HTTP/1.1" 404 179
2026-07-20 09:50:58,812 [INFO] django.server: "GET /matches/get-seats-status/6/?row_id=100 HTTP/1.1" 200 2973
2026-07-20 09:50:58,812 [INFO] django.server: "GET /matches/get-seats-status/6/?row_id=100 HTTP/1.1" 200 2973
2026-07-20 09:51:01,317 [INFO] django.server: "POST /tickets/reserve/6/ HTTP/1.1" 302 0
2026-07-20 09:51:01,317 [INFO] django.server: "POST /tickets/reserve/6/ HTTP/1.1" 302 0
2026-07-20 09:51:01,337 [INFO] django.server: "GET /tickets/ticket-info/6/ HTTP/1.1" 200 68863
2026-07-20 09:51:01,337 [INFO] django.server: "GET /tickets/ticket-info/6/ HTTP/1.1" 200 68863
2026-07-20 09:51:01,378 [WARNING] django.server: "GET /static/css/style.css HTTP/1.1" 404 179
2026-07-20 09:51:01,378 [WARNING] django.server: "GET /static/css/style.css HTTP/1.1" 404 179
2026-07-20 09:51:01,383 [WARNING] django.server: "GET /static/img/sepahan-logo.png HTTP/1.1" 404 179
2026-07-20 09:51:01,383 [WARNING] django.server: "GET /static/img/sepahan-logo.png HTTP/1.1" 404 179
2026-07-20 09:51:01,384 [WARNING] django.server: "GET /static/js/script.js HTTP/1.1" 404 179
2026-07-20 09:51:01,384 [WARNING] django.server: "GET /static/js/script.js HTTP/1.1" 404 179
2026-07-20 09:51:01,710 [WARNING] django.server: "GET /static/js/script.js HTTP/1.1" 404 179
2026-07-20 09:51:01,710 [WARNING] django.server: "GET /static/js/script.js HTTP/1.1" 404 179
2026-07-20 09:51:12,306 [INFO] django.server: "POST /tickets/release-reservation/ HTTP/1.1" 200 51
2026-07-20 09:51:12,306 [INFO] django.server: "POST /tickets/release-reservation/ HTTP/1.1" 200 51
